backend,scenario,integrator,relaxation_algorithm,timestep_policy,binary,steps,dt_s,requested_cpu_thread_spec,case_timeout_s,runtime_bundle_root,runtime_manifest_sha256,source_manifest_sha256,libfullmag_fem_sha256,mesh_name,mesh_path,mesh_size,node_count,element_count,boundary_face_count,periodic_boundary_pair_count,periodic_node_pair_count,step_profiler_enabled,requested_fullmag_python,requested_fem_execution,requested_cpu_threads,requested_gmsh_threads,requested_demag_solver,requested_demag_preconditioner,requested_demag_relative_tolerance,requested_demag_absolute_tolerance,requested_demag_max_iterations,requested_demag_print_level,requested_demag_amg_relax_type,requested_demag_amg_coarsening,requested_demag_amg_interpolation,requested_demag_amg_aggressive_coarsening,requested_demag_amg_strength_threshold,requested_demag_amg_max_levels,requested_relax_torque_tolerance_apm,requested_relaxation_algorithm,requested_relaxation_preconditioner_strategy,phase2_compute_assertion_enabled,adaptive_gpu_rk_acceptance_ready,adaptive_gpu_rk_hot_loop_scalar_readback_free,adaptive_gpu_rk_hot_loop_compute_readback_free,adaptive_gpu_rk_hot_loop_control_readback,adaptive_gpu_rk_hot_loop_scalar_readback_path,adaptive_gpu_rk_acceptance_blockers,solver_mesh_has_air,solver_mesh_signature,energy_monotonicity_satisfied,energy_trajectory_record_count,energy_trajectory_max_increase_j,status,returncode,wall_time_ms,stdout_lines,stderr_lines,executed_steps,reported_scenario,reported_integrator,reported_relaxation_algorithm,reported_timestep_policy,reported_precision,final_time_s,final_solver_dt_s,error_estimate,dt_suggested_s,final_e_total_j,final_e_ex_j,final_e_ext_j,final_e_demag_j,final_e_ani_j,final_e_dmi_j,stop_reason,final_torque_apm,final_torque_t,norm_defect,converged,step_wall_time_ms,exchange_wall_time_ms,demag_wall_time_ms,demag_assemble_wall_time_ms,demag_solve_wall_time_ms,demag_solver_setup_wall_time_ms,demag_solver_apply_wall_time_ms,demag_solver_setup_reused,demag_recover_wall_time_ms,demag_energy_wall_time_ms,rhs_wall_time_ms,extra_energy_wall_time_ms,snapshot_wall_time_ms,relaxation_preconditioner_strategy,relaxation_preconditioner_iterations,relaxation_preconditioner_lambda_m_per_a,relaxation_preconditioner_wall_time_ms,relaxation_preconditioner_cache_hits,relaxation_preconditioner_cache_misses,rhs_evals,total_rhs_evals,demag_solves,accepted_energy_proof_available,accepted_energy_delta_j,accepted_energy_roundoff_bound_j,accepted_energy_delta_upper_j,armijo_increment_rhs_j,accepted_energy_proof_count,accepted_energy_proof_invalid_count,accepted_energy_proof_invalid_details,execution_engine,fem_assembly_mode,fem_execution_mode,fem_data_residency,uses_cuda_kernels,uses_gpu_poisson,demag_refresh_interval_s,hot_loop_host_sync_count,hot_loop_exchange_h2d_bytes,hot_loop_exchange_d2h_bytes,backend_create_wall_time_ms,first_accepted_step_demag_solver_apply_wall_time_ms,hot_loop_exchange_host_sync_count,hot_loop_compute_h2d_bytes,hot_loop_compute_d2h_bytes,hot_loop_compute_host_sync_count,hot_loop_control_scalar_d2h_bytes,hot_loop_control_scalar_host_sync_count,fem_gpu_state_allocated,fem_gpu_state_node_count,fem_gpu_state_dof_len,fem_gpu_state_stage_count,fem_gpu_state_device_bytes,fem_gpu_state_reduction_workspace_bytes,fem_gpu_rk_exchange_only_enabled,fem_gpu_qualification_status,fem_gpu_rk_stage_count,fem_gpu_rk_uses_cuda_kernels,fem_gpu_rk_allows_exchange_host_sync,fem_gpu_rk_stage_exchange_device_resident,fem_exchange_operator_mode,fem_demag_operator_mode,hypre_execution_policy,demag_residency,fem_gpu_rk_block_reason,mfem_device,requested_fem_omp_threads,effective_fem_omp_threads,demag_linear_solver,demag_model,demag_boundary_variant,demag_airbox_factor,demag_robin_beta_mode,demag_robin_beta_factor,demag_preconditioner,demag_amg_profile_provider,demag_amg_relax_type,demag_amg_coarsening,demag_amg_interpolation,demag_amg_aggressive_coarsening,demag_amg_strength_threshold,demag_amg_max_levels,demag_relative_tolerance,demag_absolute_tolerance,demag_max_iterations,demag_print_level,demag_policy_source,demag_requested_linear_solver,demag_requested_preconditioner,demag_requested_relative_tolerance,demag_requested_absolute_tolerance,demag_requested_max_iterations,demag_requested_print_level,demag_actual_iterations,demag_final_residual_norm,rejected_attempts,relaxation_energy_rejected_attempts,relaxation_controller_tightenings,relaxation_controller_at_floor,relaxation_torque_confirmation_count,fsal_reused,max_dm_dt,max_h_eff,max_h_demag,e_ani,e_dmi,phase2_compute_hot_loop_sync_clean,phase2_gate_reason,repeat_index
fem_gpu,box500_airbox_exchange_demag,heun,nonlinear_cg,fixed,/workspace/.fullmag/runtimes/fem-gpu-host/bin/fullmag-fem-gpu,64,1e-13,1,900.0,/workspace/.fullmag/runtimes/fem-gpu-variants/hypre-baseline-9377ad32bc08279eee8218b61007407974cd13e0c7599462f07abf05376db29a,9377ad32bc08279eee8218b61007407974cd13e0c7599462f07abf05376db29a,e04b5d6066cf058222f4a5b3623765542227eec5b287bbd9ef7c46df219b5afc,c936d6cc9add692d9b1178ea9d10f3bc8267d321f045370453c5f9f488741a64,study_domain,/workspace/examples/assets/box_40x20x10_coarse.mesh.json,coarse,52,149,96,0,0,True,/usr/bin/python3,gpu,1,1,CG,AMG,1e-12,,500,0,6,8,6,1,,,8000.0,nonlinear_cg,none,True,True,True,True,False,/workspace/backends/fem/gpu/cuda/integrators/rk/rk_adaptive_decision_readback.cu,,True,ffe9595b4f6b6fc44fab022e733f2fbf2457ee8189929859a7f137f65dd10f11,True,59,0.0,ok,0,2918.679,794,54,59,box500_airbox_exchange_demag,heun,nonlinear_cg,fixed,double,0.0,0.000000000000000e0,,,-1.9366597052673022e-17,9.244860956038435e-23,-1.963678773782203e-17,2.70098236539445e-19,0.0,0.0,torque,7506.800659860569,0.00943332392199239,1.1102230246251565e-16,True,36.860589,0.02448,13.303794,0.04096,13.171666,0.0,13.171666,True,0.03072,0.060448,0.0,0.0,0.0,none,0,0.0,0.0,0,0,2,118,1,False,,,,,0,59,"['step=1: proof unavailable', 'step=2: proof unavailable', 'step=3: proof unavailable', 'step=4: proof unavailable', 'step=5: proof unavailable', 'step=6: proof unavailable', 'step=7: proof unavailable', 'step=8: proof unavailable', 'step=9: proof unavailable', 'step=10: proof unavailable', 'step=11: proof unavailable', 'step=12: proof unavailable', 'step=13: proof unavailable', 'step=14: proof unavailable', 'step=15: proof unavailable', 'step=16: proof unavailable', 'step=17: proof unavailable', 'step=18: proof unavailable', 'step=19: proof unavailable', 'step=20: proof unavailable', 'step=21: proof unavailable', 'step=22: proof unavailable', 'step=23: proof unavailable', 'step=24: proof unavailable', 'step=25: proof unavailable', 'step=26: proof unavailable', 'step=27: proof unavailable', 'step=28: proof unavailable', 'step=29: proof unavailable', 'step=30: proof unavailable', 'step=31: proof unavailable', 'step=32: proof unavailable', 'step=33: proof unavailable', 'step=34: proof unavailable', 'step=35: proof unavailable', 'step=36: proof unavailable', 'step=37: proof unavailable', 'step=38: proof unavailable', 'step=39: proof unavailable', 'step=40: proof unavailable', 'step=41: proof unavailable', 'step=42: proof unavailable', 'step=43: proof unavailable', 'step=44: proof unavailable', 'step=45: proof unavailable', 'step=46: proof unavailable', 'step=47: proof unavailable', 'step=48: proof unavailable', 'step=49: proof unavailable', 'step=50: proof unavailable', 'step=51: proof unavailable', 'step=52: proof unavailable', 'step=53: proof unavailable', 'step=54: proof unavailable', 'step=55: proof unavailable', 'step=56: proof unavailable', 'step=57: proof unavailable', 'step=58: proof unavailable', 'step=59: proof unavailable']",fem_native_gpu,legacy_sparse,all_in_gpu_legacy_sparse,device_source_of_truth,True,True,,178,0,0,532.237754,21.293782,0,0,0,0,31296,178,True,52,156,2,162322,281,True,production_executable,2,True,False,True,legacy_sparse_gpu,device_hypre_poisson,device,device,,ceed-cuda:/gpu/cuda/shared,1,1,CG,airbox,robin,100.0,dipole,2.0,AMG,mfem_hypre_boomeramg,6,8,6,1,,,1e-12,,500,1,explicit,CG,AMG,1e-12,,500,1,9,3.9522809625505675e-14,0,,,,,,0.000000000000000e0,3.967979742398853e4,2.374294640965298e3,0.0,0.0,True,compute_hot_loop_host_sync_count=0;stage_exchange_device_resident=true,0
fem_gpu,box500_airbox_exchange_demag,heun,nonlinear_cg,fixed,/workspace/.fullmag/runtimes/fem-gpu-host/bin/fullmag-fem-gpu,64,1e-13,1,900.0,/workspace/.fullmag/runtimes/fem-gpu-variants/hypre-baseline-9377ad32bc08279eee8218b61007407974cd13e0c7599462f07abf05376db29a,9377ad32bc08279eee8218b61007407974cd13e0c7599462f07abf05376db29a,e04b5d6066cf058222f4a5b3623765542227eec5b287bbd9ef7c46df219b5afc,c936d6cc9add692d9b1178ea9d10f3bc8267d321f045370453c5f9f488741a64,study_domain,/workspace/examples/assets/box_40x20x10_coarse.mesh.json,coarse,52,149,96,0,0,True,/usr/bin/python3,gpu,1,1,CG,AMG,1e-12,,500,0,6,8,6,1,,,8000.0,nonlinear_cg,diagonal_mass,True,True,True,True,False,/workspace/backends/fem/gpu/cuda/integrators/rk/rk_adaptive_decision_readback.cu,,True,ffe9595b4f6b6fc44fab022e733f2fbf2457ee8189929859a7f137f65dd10f11,True,59,0.0,ok,0,2853.787,794,54,59,box500_airbox_exchange_demag,heun,nonlinear_cg,fixed,double,0.0,0.000000000000000e0,,,-1.9366597052673022e-17,9.244860956038435e-23,-1.963678773782203e-17,2.70098236539445e-19,0.0,0.0,torque,7506.800659860569,0.00943332392199239,1.1102230246251565e-16,True,34.820265,0.0256,9.627031,0.006944,9.532119,0.0,9.532119,True,0.031744,0.056224,0.0,0.0,0.0,diagonal_mass,0,0.0,0.101722,0,0,2,118,1,False,,,,,0,59,"['step=1: proof unavailable', 'step=2: proof unavailable', 'step=3: proof unavailable', 'step=4: proof unavailable', 'step=5: proof unavailable', 'step=6: proof unavailable', 'step=7: proof unavailable', 'step=8: proof unavailable', 'step=9: proof unavailable', 'step=10: proof unavailable', 'step=11: proof unavailable', 'step=12: proof unavailable', 'step=13: proof unavailable', 'step=14: proof unavailable', 'step=15: proof unavailable', 'step=16: proof unavailable', 'step=17: proof unavailable', 'step=18: proof unavailable', 'step=19: proof unavailable', 'step=20: proof unavailable', 'step=21: proof unavailable', 'step=22: proof unavailable', 'step=23: proof unavailable', 'step=24: proof unavailable', 'step=25: proof unavailable', 'step=26: proof unavailable', 'step=27: proof unavailable', 'step=28: proof unavailable', 'step=29: proof unavailable', 'step=30: proof unavailable', 'step=31: proof unavailable', 'step=32: proof unavailable', 'step=33: proof unavailable', 'step=34: proof unavailable', 'step=35: proof unavailable', 'step=36: proof unavailable', 'step=37: proof unavailable', 'step=38: proof unavailable', 'step=39: proof unavailable', 'step=40: proof unavailable', 'step=41: proof unavailable', 'step=42: proof unavailable', 'step=43: proof unavailable', 'step=44: proof unavailable', 'step=45: proof unavailable', 'step=46: proof unavailable', 'step=47: proof unavailable', 'step=48: proof unavailable', 'step=49: proof unavailable', 'step=50: proof unavailable', 'step=51: proof unavailable', 'step=52: proof unavailable', 'step=53: proof unavailable', 'step=54: proof unavailable', 'step=55: proof unavailable', 'step=56: proof unavailable', 'step=57: proof unavailable', 'step=58: proof unavailable', 'step=59: proof unavailable']",fem_native_gpu,legacy_sparse,all_in_gpu_legacy_sparse,device_source_of_truth,True,True,,178,0,0,549.105749,23.819555,0,0,0,0,31296,178,True,52,156,2,162322,281,True,production_executable,2,True,False,True,legacy_sparse_gpu,device_hypre_poisson,device,device,,ceed-cuda:/gpu/cuda/shared,1,1,CG,airbox,robin,100.0,dipole,2.0,AMG,mfem_hypre_boomeramg,6,8,6,1,,,1e-12,,500,1,explicit,CG,AMG,1e-12,,500,1,9,3.9522809625505675e-14,0,,,,,,0.000000000000000e0,3.967979742398853e4,2.374294640965298e3,0.0,0.0,True,compute_hot_loop_host_sync_count=0;stage_exchange_device_resident=true,0
fem_gpu,box500_airbox_exchange_demag,heun,nonlinear_cg,fixed,/workspace/.fullmag/runtimes/fem-gpu-host/bin/fullmag-fem-gpu,64,1e-13,1,900.0,/workspace/.fullmag/runtimes/fem-gpu-variants/hypre-baseline-9377ad32bc08279eee8218b61007407974cd13e0c7599462f07abf05376db29a,9377ad32bc08279eee8218b61007407974cd13e0c7599462f07abf05376db29a,e04b5d6066cf058222f4a5b3623765542227eec5b287bbd9ef7c46df219b5afc,c936d6cc9add692d9b1178ea9d10f3bc8267d321f045370453c5f9f488741a64,study_domain,/workspace/examples/assets/box_40x20x10_coarse.mesh.json,coarse,52,149,96,0,0,True,/usr/bin/python3,gpu,1,1,CG,AMG,1e-12,,500,0,6,8,6,1,,,8000.0,nonlinear_cg,lumped_exchange_mass_cg4,True,True,True,True,False,/workspace/backends/fem/gpu/cuda/integrators/rk/rk_adaptive_decision_readback.cu,,True,ffe9595b4f6b6fc44fab022e733f2fbf2457ee8189929859a7f137f65dd10f11,True,59,0.0,ok,0,2994.244,794,54,59,box500_airbox_exchange_demag,heun,nonlinear_cg,fixed,double,0.0,0.000000000000000e0,,,-1.9366597715620507e-17,9.207107672901255e-23,-1.9636788694962788e-17,2.7009890826555142e-19,0.0,0.0,torque,7509.46652702224,0.009436673949468611,2.220446049250313e-16,True,45.829166,0.094208,11.853062,0.007168,11.769094,0.0,11.769094,True,0.04096,0.03584,0.0,0.0,0.0,lumped_exchange_mass_cg4,4,1e-06,1.941743,117,1,2,118,1,False,,,,,0,59,"['step=1: proof unavailable', 'step=2: proof unavailable', 'step=3: proof unavailable', 'step=4: proof unavailable', 'step=5: proof unavailable', 'step=6: proof unavailable', 'step=7: proof unavailable', 'step=8: proof unavailable', 'step=9: proof unavailable', 'step=10: proof unavailable', 'step=11: proof unavailable', 'step=12: proof unavailable', 'step=13: proof unavailable', 'step=14: proof unavailable', 'step=15: proof unavailable', 'step=16: proof unavailable', 'step=17: proof unavailable', 'step=18: proof unavailable', 'step=19: proof unavailable', 'step=20: proof unavailable', 'step=21: proof unavailable', 'step=22: proof unavailable', 'step=23: proof unavailable', 'step=24: proof unavailable', 'step=25: proof unavailable', 'step=26: proof unavailable', 'step=27: proof unavailable', 'step=28: proof unavailable', 'step=29: proof unavailable', 'step=30: proof unavailable', 'step=31: proof unavailable', 'step=32: proof unavailable', 'step=33: proof unavailable', 'step=34: proof unavailable', 'step=35: proof unavailable', 'step=36: proof unavailable', 'step=37: proof unavailable', 'step=38: proof unavailable', 'step=39: proof unavailable', 'step=40: proof unavailable', 'step=41: proof unavailable', 'step=42: proof unavailable', 'step=43: proof unavailable', 'step=44: proof unavailable', 'step=45: proof unavailable', 'step=46: proof unavailable', 'step=47: proof unavailable', 'step=48: proof unavailable', 'step=49: proof unavailable', 'step=50: proof unavailable', 'step=51: proof unavailable', 'step=52: proof unavailable', 'step=53: proof unavailable', 'step=54: proof unavailable', 'step=55: proof unavailable', 'step=56: proof unavailable', 'step=57: proof unavailable', 'step=58: proof unavailable', 'step=59: proof unavailable']",fem_native_gpu,legacy_sparse,all_in_gpu_legacy_sparse,device_source_of_truth,True,True,,178,0,0,505.875615,20.420109,0,0,0,0,31296,178,True,52,156,2,162322,281,True,production_executable,2,True,False,True,legacy_sparse_gpu,device_hypre_poisson,device,device,,ceed-cuda:/gpu/cuda/shared,1,1,CG,airbox,robin,100.0,dipole,2.0,AMG,mfem_hypre_boomeramg,6,8,6,1,,,1e-12,,500,1,explicit,CG,AMG,1e-12,,500,1,9,3.952276780879238e-14,0,,,,,,0.000000000000000e0,3.967924083857984e4,2.374292776249348e3,0.0,0.0,True,compute_hot_loop_host_sync_count=0;stage_exchange_device_resident=true,0
fem_gpu,box500_airbox_exchange_demag,heun,nonlinear_cg,fixed,/workspace/.fullmag/runtimes/fem-gpu-host/bin/fullmag-fem-gpu,64,1e-13,1,900.0,/workspace/.fullmag/runtimes/fem-gpu-variants/hypre-baseline-9377ad32bc08279eee8218b61007407974cd13e0c7599462f07abf05376db29a,9377ad32bc08279eee8218b61007407974cd13e0c7599462f07abf05376db29a,e04b5d6066cf058222f4a5b3623765542227eec5b287bbd9ef7c46df219b5afc,c936d6cc9add692d9b1178ea9d10f3bc8267d321f045370453c5f9f488741a64,study_domain,/workspace/examples/assets/box_40x20x10_coarse.mesh.json,coarse,52,149,96,0,0,True,/usr/bin/python3,gpu,1,1,CG,AMG,1e-12,,500,0,6,8,6,1,,,8000.0,nonlinear_cg,lumped_exchange_mass_cg8,True,True,True,True,False,/workspace/backends/fem/gpu/cuda/integrators/rk/rk_adaptive_decision_readback.cu,,True,ffe9595b4f6b6fc44fab022e733f2fbf2457ee8189929859a7f137f65dd10f11,True,59,0.0,ok,0,3301.554,794,54,59,box500_airbox_exchange_demag,heun,nonlinear_cg,fixed,double,0.0,0.000000000000000e0,,,-1.9366597715469376e-17,9.20710800618512e-23,-1.9636788694820658e-17,2.7009890827122184e-19,0.0,0.0,torque,7509.466407983904,0.009436673799880627,1.1102230246251565e-16,True,49.316614,0.021504,12.100257,0.031744,12.000929,0.0,12.000929,True,0.0256,0.041984,0.0,0.0,0.0,lumped_exchange_mass_cg8,8,1e-06,3.649703,117,1,2,118,1,False,,,,,0,59,"['step=1: proof unavailable', 'step=2: proof unavailable', 'step=3: proof unavailable', 'step=4: proof unavailable', 'step=5: proof unavailable', 'step=6: proof unavailable', 'step=7: proof unavailable', 'step=8: proof unavailable', 'step=9: proof unavailable', 'step=10: proof unavailable', 'step=11: proof unavailable', 'step=12: proof unavailable', 'step=13: proof unavailable', 'step=14: proof unavailable', 'step=15: proof unavailable', 'step=16: proof unavailable', 'step=17: proof unavailable', 'step=18: proof unavailable', 'step=19: proof unavailable', 'step=20: proof unavailable', 'step=21: proof unavailable', 'step=22: proof unavailable', 'step=23: proof unavailable', 'step=24: proof unavailable', 'step=25: proof unavailable', 'step=26: proof unavailable', 'step=27: proof unavailable', 'step=28: proof unavailable', 'step=29: proof unavailable', 'step=30: proof unavailable', 'step=31: proof unavailable', 'step=32: proof unavailable', 'step=33: proof unavailable', 'step=34: proof unavailable', 'step=35: proof unavailable', 'step=36: proof unavailable', 'step=37: proof unavailable', 'step=38: proof unavailable', 'step=39: proof unavailable', 'step=40: proof unavailable', 'step=41: proof unavailable', 'step=42: proof unavailable', 'step=43: proof unavailable', 'step=44: proof unavailable', 'step=45: proof unavailable', 'step=46: proof unavailable', 'step=47: proof unavailable', 'step=48: proof unavailable', 'step=49: proof unavailable', 'step=50: proof unavailable', 'step=51: proof unavailable', 'step=52: proof unavailable', 'step=53: proof unavailable', 'step=54: proof unavailable', 'step=55: proof unavailable', 'step=56: proof unavailable', 'step=57: proof unavailable', 'step=58: proof unavailable', 'step=59: proof unavailable']",fem_native_gpu,legacy_sparse,all_in_gpu_legacy_sparse,device_source_of_truth,True,True,,178,0,0,525.472282,27.291379,0,0,0,0,31296,178,True,52,156,2,162322,281,True,production_executable,2,True,False,True,legacy_sparse_gpu,device_hypre_poisson,device,device,,ceed-cuda:/gpu/cuda/shared,1,1,CG,airbox,robin,100.0,dipole,2.0,AMG,mfem_hypre_boomeramg,6,8,6,1,,,1e-12,,500,1,explicit,CG,AMG,1e-12,,500,1,9,3.952276779241244e-14,0,,,,,,0.000000000000000e0,3.967924083936493e4,2.374292777194809e3,0.0,0.0,True,compute_hot_loop_host_sync_count=0;stage_exchange_device_resident=true,0
fem_gpu,box500_airbox_exchange_demag,heun,nonlinear_cg,fixed,/workspace/.fullmag/runtimes/fem-gpu-host/bin/fullmag-fem-gpu,64,1e-13,1,900.0,/workspace/.fullmag/runtimes/fem-gpu-variants/hypre-baseline-9377ad32bc08279eee8218b61007407974cd13e0c7599462f07abf05376db29a,9377ad32bc08279eee8218b61007407974cd13e0c7599462f07abf05376db29a,e04b5d6066cf058222f4a5b3623765542227eec5b287bbd9ef7c46df219b5afc,c936d6cc9add692d9b1178ea9d10f3bc8267d321f045370453c5f9f488741a64,study_domain,/workspace/examples/assets/box_40x20x10_coarse.mesh.json,coarse,52,149,96,0,0,True,/usr/bin/python3,gpu,1,1,CG,AMG,1e-12,,500,0,6,8,6,1,,,8000.0,nonlinear_cg,stagnation_triggered_cg8,True,True,True,True,False,/workspace/backends/fem/gpu/cuda/integrators/rk/rk_adaptive_decision_readback.cu,,True,ffe9595b4f6b6fc44fab022e733f2fbf2457ee8189929859a7f137f65dd10f11,True,59,0.0,ok,0,3055.928,794,54,59,box500_airbox_exchange_demag,heun,nonlinear_cg,fixed,double,0.0,0.000000000000000e0,,,-1.9366597009535904e-17,9.245328818777329e-23,-1.9636787707417246e-17,2.7009824459315313e-19,0.0,0.0,torque,7506.820510254027,0.009433348866732494,1.1102230246251565e-16,True,43.03975,0.024736,12.527926,0.008192,12.486966,0.0,12.486966,True,0.0256,0.007168,0.0,0.0,0.0,stagnation_triggered_cg8,0,0.0,0.0,1,1,2,118,1,False,,,,,0,59,"['step=1: proof unavailable', 'step=2: proof unavailable', 'step=3: proof unavailable', 'step=4: proof unavailable', 'step=5: proof unavailable', 'step=6: proof unavailable', 'step=7: proof unavailable', 'step=8: proof unavailable', 'step=9: proof unavailable', 'step=10: proof unavailable', 'step=11: proof unavailable', 'step=12: proof unavailable', 'step=13: proof unavailable', 'step=14: proof unavailable', 'step=15: proof unavailable', 'step=16: proof unavailable', 'step=17: proof unavailable', 'step=18: proof unavailable', 'step=19: proof unavailable', 'step=20: proof unavailable', 'step=21: proof unavailable', 'step=22: proof unavailable', 'step=23: proof unavailable', 'step=24: proof unavailable', 'step=25: proof unavailable', 'step=26: proof unavailable', 'step=27: proof unavailable', 'step=28: proof unavailable', 'step=29: proof unavailable', 'step=30: proof unavailable', 'step=31: proof unavailable', 'step=32: proof unavailable', 'step=33: proof unavailable', 'step=34: proof unavailable', 'step=35: proof unavailable', 'step=36: proof unavailable', 'step=37: proof unavailable', 'step=38: proof unavailable', 'step=39: proof unavailable', 'step=40: proof unavailable', 'step=41: proof unavailable', 'step=42: proof unavailable', 'step=43: proof unavailable', 'step=44: proof unavailable', 'step=45: proof unavailable', 'step=46: proof unavailable', 'step=47: proof unavailable', 'step=48: proof unavailable', 'step=49: proof unavailable', 'step=50: proof unavailable', 'step=51: proof unavailable', 'step=52: proof unavailable', 'step=53: proof unavailable', 'step=54: proof unavailable', 'step=55: proof unavailable', 'step=56: proof unavailable', 'step=57: proof unavailable', 'step=58: proof unavailable', 'step=59: proof unavailable']",fem_native_gpu,legacy_sparse,all_in_gpu_legacy_sparse,device_source_of_truth,True,True,,178,0,0,572.051331,26.263642,0,0,0,0,31296,178,True,52,156,2,162322,281,True,production_executable,2,True,False,True,legacy_sparse_gpu,device_hypre_poisson,device,device,,ceed-cuda:/gpu/cuda/shared,1,1,CG,airbox,robin,100.0,dipole,2.0,AMG,mfem_hypre_boomeramg,6,8,6,1,,,1e-12,,500,1,explicit,CG,AMG,1e-12,,500,1,9,3.952280924465789e-14,0,,,,,,0.000000000000000e0,3.967979717767592e4,2.374294625946113e3,0.0,0.0,True,compute_hot_loop_host_sync_count=0;stage_exchange_device_resident=true,0
fem_gpu,box500_airbox_exchange_demag,heun,nonlinear_cg,fixed,/workspace/.fullmag/runtimes/fem-gpu-host/bin/fullmag-fem-gpu,64,1e-13,1,900.0,/workspace/.fullmag/runtimes/fem-gpu-variants/hypre-baseline-9377ad32bc08279eee8218b61007407974cd13e0c7599462f07abf05376db29a,9377ad32bc08279eee8218b61007407974cd13e0c7599462f07abf05376db29a,e04b5d6066cf058222f4a5b3623765542227eec5b287bbd9ef7c46df219b5afc,c936d6cc9add692d9b1178ea9d10f3bc8267d321f045370453c5f9f488741a64,study_domain,/workspace/examples/assets/box_40x20x10_coarse.mesh.json,coarse,52,149,96,0,0,True,/usr/bin/python3,gpu,1,1,CG,AMG,1e-12,,500,0,6,8,6,1,,,8000.0,nonlinear_cg,none,True,True,True,True,False,/workspace/backends/fem/gpu/cuda/integrators/rk/rk_adaptive_decision_readback.cu,,True,ffe9595b4f6b6fc44fab022e733f2fbf2457ee8189929859a7f137f65dd10f11,True,59,0.0,ok,0,2794.298,794,54,59,box500_airbox_exchange_demag,heun,nonlinear_cg,fixed,double,0.0,0.000000000000000e0,,,-1.9366597052673022e-17,9.244860956038435e-23,-1.963678773782203e-17,2.70098236539445e-19,0.0,0.0,torque,7506.800659860569,0.00943332392199239,1.1102230246251565e-16,True,50.311369,0.075776,13.076756,0.014336,13.008276,0.0,13.008276,True,0.037888,0.016256,0.0,0.0,0.0,none,0,0.0,0.0,0,0,2,118,1,False,,,,,0,59,"['step=1: proof unavailable', 'step=2: proof unavailable', 'step=3: proof unavailable', 'step=4: proof unavailable', 'step=5: proof unavailable', 'step=6: proof unavailable', 'step=7: proof unavailable', 'step=8: proof unavailable', 'step=9: proof unavailable', 'step=10: proof unavailable', 'step=11: proof unavailable', 'step=12: proof unavailable', 'step=13: proof unavailable', 'step=14: proof unavailable', 'step=15: proof unavailable', 'step=16: proof unavailable', 'step=17: proof unavailable', 'step=18: proof unavailable', 'step=19: proof unavailable', 'step=20: proof unavailable', 'step=21: proof unavailable', 'step=22: proof unavailable', 'step=23: proof unavailable', 'step=24: proof unavailable', 'step=25: proof unavailable', 'step=26: proof unavailable', 'step=27: proof unavailable', 'step=28: proof unavailable', 'step=29: proof unavailable', 'step=30: proof unavailable', 'step=31: proof unavailable', 'step=32: proof unavailable', 'step=33: proof unavailable', 'step=34: proof unavailable', 'step=35: proof unavailable', 'step=36: proof unavailable', 'step=37: proof unavailable', 'step=38: proof unavailable', 'step=39: proof unavailable', 'step=40: proof unavailable', 'step=41: proof unavailable', 'step=42: proof unavailable', 'step=43: proof unavailable', 'step=44: proof unavailable', 'step=45: proof unavailable', 'step=46: proof unavailable', 'step=47: proof unavailable', 'step=48: proof unavailable', 'step=49: proof unavailable', 'step=50: proof unavailable', 'step=51: proof unavailable', 'step=52: proof unavailable', 'step=53: proof unavailable', 'step=54: proof unavailable', 'step=55: proof unavailable', 'step=56: proof unavailable', 'step=57: proof unavailable', 'step=58: proof unavailable', 'step=59: proof unavailable']",fem_native_gpu,legacy_sparse,all_in_gpu_legacy_sparse,device_source_of_truth,True,True,,178,0,0,494.636464,20.204539,0,0,0,0,31296,178,True,52,156,2,162322,281,True,production_executable,2,True,False,True,legacy_sparse_gpu,device_hypre_poisson,device,device,,ceed-cuda:/gpu/cuda/shared,1,1,CG,airbox,robin,100.0,dipole,2.0,AMG,mfem_hypre_boomeramg,6,8,6,1,,,1e-12,,500,1,explicit,CG,AMG,1e-12,,500,1,9,3.9522809625505675e-14,0,,,,,,0.000000000000000e0,3.967979742398853e4,2.374294640965298e3,0.0,0.0,True,compute_hot_loop_host_sync_count=0;stage_exchange_device_resident=true,1
fem_gpu,box500_airbox_exchange_demag,heun,nonlinear_cg,fixed,/workspace/.fullmag/runtimes/fem-gpu-host/bin/fullmag-fem-gpu,64,1e-13,1,900.0,/workspace/.fullmag/runtimes/fem-gpu-variants/hypre-baseline-9377ad32bc08279eee8218b61007407974cd13e0c7599462f07abf05376db29a,9377ad32bc08279eee8218b61007407974cd13e0c7599462f07abf05376db29a,e04b5d6066cf058222f4a5b3623765542227eec5b287bbd9ef7c46df219b5afc,c936d6cc9add692d9b1178ea9d10f3bc8267d321f045370453c5f9f488741a64,study_domain,/workspace/examples/assets/box_40x20x10_coarse.mesh.json,coarse,52,149,96,0,0,True,/usr/bin/python3,gpu,1,1,CG,AMG,1e-12,,500,0,6,8,6,1,,,8000.0,nonlinear_cg,diagonal_mass,True,True,True,True,False,/workspace/backends/fem/gpu/cuda/integrators/rk/rk_adaptive_decision_readback.cu,,True,ffe9595b4f6b6fc44fab022e733f2fbf2457ee8189929859a7f137f65dd10f11,True,59,0.0,ok,0,2892.019,794,54,59,box500_airbox_exchange_demag,heun,nonlinear_cg,fixed,double,0.0,0.000000000000000e0,,,-1.9366597052673022e-17,9.244860956038435e-23,-1.963678773782203e-17,2.70098236539445e-19,0.0,0.0,torque,7506.800659860569,0.00943332392199239,1.1102230246251565e-16,True,42.084765,0.026624,12.929952,0.007168,12.785568,0.0,12.785568,True,0.03584,0.101376,0.0,0.0,0.0,diagonal_mass,0,0.0,0.135051,0,0,2,118,1,False,,,,,0,59,"['step=1: proof unavailable', 'step=2: proof unavailable', 'step=3: proof unavailable', 'step=4: proof unavailable', 'step=5: proof unavailable', 'step=6: proof unavailable', 'step=7: proof unavailable', 'step=8: proof unavailable', 'step=9: proof unavailable', 'step=10: proof unavailable', 'step=11: proof unavailable', 'step=12: proof unavailable', 'step=13: proof unavailable', 'step=14: proof unavailable', 'step=15: proof unavailable', 'step=16: proof unavailable', 'step=17: proof unavailable', 'step=18: proof unavailable', 'step=19: proof unavailable', 'step=20: proof unavailable', 'step=21: proof unavailable', 'step=22: proof unavailable', 'step=23: proof unavailable', 'step=24: proof unavailable', 'step=25: proof unavailable', 'step=26: proof unavailable', 'step=27: proof unavailable', 'step=28: proof unavailable', 'step=29: proof unavailable', 'step=30: proof unavailable', 'step=31: proof unavailable', 'step=32: proof unavailable', 'step=33: proof unavailable', 'step=34: proof unavailable', 'step=35: proof unavailable', 'step=36: proof unavailable', 'step=37: proof unavailable', 'step=38: proof unavailable', 'step=39: proof unavailable', 'step=40: proof unavailable', 'step=41: proof unavailable', 'step=42: proof unavailable', 'step=43: proof unavailable', 'step=44: proof unavailable', 'step=45: proof unavailable', 'step=46: proof unavailable', 'step=47: proof unavailable', 'step=48: proof unavailable', 'step=49: proof unavailable', 'step=50: proof unavailable', 'step=51: proof unavailable', 'step=52: proof unavailable', 'step=53: proof unavailable', 'step=54: proof unavailable', 'step=55: proof unavailable', 'step=56: proof unavailable', 'step=57: proof unavailable', 'step=58: proof unavailable', 'step=59: proof unavailable']",fem_native_gpu,legacy_sparse,all_in_gpu_legacy_sparse,device_source_of_truth,True,True,,178,0,0,493.948381,24.105503,0,0,0,0,31296,178,True,52,156,2,162322,281,True,production_executable,2,True,False,True,legacy_sparse_gpu,device_hypre_poisson,device,device,,ceed-cuda:/gpu/cuda/shared,1,1,CG,airbox,robin,100.0,dipole,2.0,AMG,mfem_hypre_boomeramg,6,8,6,1,,,1e-12,,500,1,explicit,CG,AMG,1e-12,,500,1,9,3.9522809625505675e-14,0,,,,,,0.000000000000000e0,3.967979742398853e4,2.374294640965298e3,0.0,0.0,True,compute_hot_loop_host_sync_count=0;stage_exchange_device_resident=true,1
fem_gpu,box500_airbox_exchange_demag,heun,nonlinear_cg,fixed,/workspace/.fullmag/runtimes/fem-gpu-host/bin/fullmag-fem-gpu,64,1e-13,1,900.0,/workspace/.fullmag/runtimes/fem-gpu-variants/hypre-baseline-9377ad32bc08279eee8218b61007407974cd13e0c7599462f07abf05376db29a,9377ad32bc08279eee8218b61007407974cd13e0c7599462f07abf05376db29a,e04b5d6066cf058222f4a5b3623765542227eec5b287bbd9ef7c46df219b5afc,c936d6cc9add692d9b1178ea9d10f3bc8267d321f045370453c5f9f488741a64,study_domain,/workspace/examples/assets/box_40x20x10_coarse.mesh.json,coarse,52,149,96,0,0,True,/usr/bin/python3,gpu,1,1,CG,AMG,1e-12,,500,0,6,8,6,1,,,8000.0,nonlinear_cg,lumped_exchange_mass_cg4,True,True,True,True,False,/workspace/backends/fem/gpu/cuda/integrators/rk/rk_adaptive_decision_readback.cu,,True,ffe9595b4f6b6fc44fab022e733f2fbf2457ee8189929859a7f137f65dd10f11,True,59,0.0,ok,0,4115.635,794,54,59,box500_airbox_exchange_demag,heun,nonlinear_cg,fixed,double,0.0,0.000000000000000e0,,,-1.9366597715620507e-17,9.207107672901255e-23,-1.9636788694962788e-17,2.7009890826555142e-19,0.0,0.0,torque,7509.46652702224,0.009436673949468611,2.220446049250313e-16,True,38.581156,0.061408,11.293516,0.009216,11.19534,0.0,11.19534,True,0.031744,0.057216,0.0,0.0,0.0,lumped_exchange_mass_cg4,4,1e-06,1.40537,117,1,2,118,1,False,,,,,0,59,"['step=1: proof unavailable', 'step=2: proof unavailable', 'step=3: proof unavailable', 'step=4: proof unavailable', 'step=5: proof unavailable', 'step=6: proof unavailable', 'step=7: proof unavailable', 'step=8: proof unavailable', 'step=9: proof unavailable', 'step=10: proof unavailable', 'step=11: proof unavailable', 'step=12: proof unavailable', 'step=13: proof unavailable', 'step=14: proof unavailable', 'step=15: proof unavailable', 'step=16: proof unavailable', 'step=17: proof unavailable', 'step=18: proof unavailable', 'step=19: proof unavailable', 'step=20: proof unavailable', 'step=21: proof unavailable', 'step=22: proof unavailable', 'step=23: proof unavailable', 'step=24: proof unavailable', 'step=25: proof unavailable', 'step=26: proof unavailable', 'step=27: proof unavailable', 'step=28: proof unavailable', 'step=29: proof unavailable', 'step=30: proof unavailable', 'step=31: proof unavailable', 'step=32: proof unavailable', 'step=33: proof unavailable', 'step=34: proof unavailable', 'step=35: proof unavailable', 'step=36: proof unavailable', 'step=37: proof unavailable', 'step=38: proof unavailable', 'step=39: proof unavailable', 'step=40: proof unavailable', 'step=41: proof unavailable', 'step=42: proof unavailable', 'step=43: proof unavailable', 'step=44: proof unavailable', 'step=45: proof unavailable', 'step=46: proof unavailable', 'step=47: proof unavailable', 'step=48: proof unavailable', 'step=49: proof unavailable', 'step=50: proof unavailable', 'step=51: proof unavailable', 'step=52: proof unavailable', 'step=53: proof unavailable', 'step=54: proof unavailable', 'step=55: proof unavailable', 'step=56: proof unavailable', 'step=57: proof unavailable', 'step=58: proof unavailable', 'step=59: proof unavailable']",fem_native_gpu,legacy_sparse,all_in_gpu_legacy_sparse,device_source_of_truth,True,True,,178,0,0,480.229794,21.136983,0,0,0,0,31296,178,True,52,156,2,162322,281,True,production_executable,2,True,False,True,legacy_sparse_gpu,device_hypre_poisson,device,device,,ceed-cuda:/gpu/cuda/shared,1,1,CG,airbox,robin,100.0,dipole,2.0,AMG,mfem_hypre_boomeramg,6,8,6,1,,,1e-12,,500,1,explicit,CG,AMG,1e-12,,500,1,9,3.952276780879238e-14,0,,,,,,0.000000000000000e0,3.967924083857984e4,2.374292776249348e3,0.0,0.0,True,compute_hot_loop_host_sync_count=0;stage_exchange_device_resident=true,1
fem_gpu,box500_airbox_exchange_demag,heun,nonlinear_cg,fixed,/workspace/.fullmag/runtimes/fem-gpu-host/bin/fullmag-fem-gpu,64,1e-13,1,900.0,/workspace/.fullmag/runtimes/fem-gpu-variants/hypre-baseline-9377ad32bc08279eee8218b61007407974cd13e0c7599462f07abf05376db29a,9377ad32bc08279eee8218b61007407974cd13e0c7599462f07abf05376db29a,e04b5d6066cf058222f4a5b3623765542227eec5b287bbd9ef7c46df219b5afc,c936d6cc9add692d9b1178ea9d10f3bc8267d321f045370453c5f9f488741a64,study_domain,/workspace/examples/assets/box_40x20x10_coarse.mesh.json,coarse,52,149,96,0,0,True,/usr/bin/python3,gpu,1,1,CG,AMG,1e-12,,500,0,6,8,6,1,,,8000.0,nonlinear_cg,lumped_exchange_mass_cg8,True,True,True,True,False,/workspace/backends/fem/gpu/cuda/integrators/rk/rk_adaptive_decision_readback.cu,,True,ffe9595b4f6b6fc44fab022e733f2fbf2457ee8189929859a7f137f65dd10f11,True,59,0.0,ok,0,3001.46,794,54,59,box500_airbox_exchange_demag,heun,nonlinear_cg,fixed,double,0.0,0.000000000000000e0,,,-1.9366597715469376e-17,9.20710800618512e-23,-1.9636788694820658e-17,2.7009890827122184e-19,0.0,0.0,torque,7509.466407983904,0.009436673799880627,1.1102230246251565e-16,True,44.126466,0.223136,10.867575,0.031744,10.744823,0.0,10.744823,True,0.029568,0.06144,0.0,0.0,0.0,lumped_exchange_mass_cg8,8,1e-06,2.312493,117,1,2,118,1,False,,,,,0,59,"['step=1: proof unavailable', 'step=2: proof unavailable', 'step=3: proof unavailable', 'step=4: proof unavailable', 'step=5: proof unavailable', 'step=6: proof unavailable', 'step=7: proof unavailable', 'step=8: proof unavailable', 'step=9: proof unavailable', 'step=10: proof unavailable', 'step=11: proof unavailable', 'step=12: proof unavailable', 'step=13: proof unavailable', 'step=14: proof unavailable', 'step=15: proof unavailable', 'step=16: proof unavailable', 'step=17: proof unavailable', 'step=18: proof unavailable', 'step=19: proof unavailable', 'step=20: proof unavailable', 'step=21: proof unavailable', 'step=22: proof unavailable', 'step=23: proof unavailable', 'step=24: proof unavailable', 'step=25: proof unavailable', 'step=26: proof unavailable', 'step=27: proof unavailable', 'step=28: proof unavailable', 'step=29: proof unavailable', 'step=30: proof unavailable', 'step=31: proof unavailable', 'step=32: proof unavailable', 'step=33: proof unavailable', 'step=34: proof unavailable', 'step=35: proof unavailable', 'step=36: proof unavailable', 'step=37: proof unavailable', 'step=38: proof unavailable', 'step=39: proof unavailable', 'step=40: proof unavailable', 'step=41: proof unavailable', 'step=42: proof unavailable', 'step=43: proof unavailable', 'step=44: proof unavailable', 'step=45: proof unavailable', 'step=46: proof unavailable', 'step=47: proof unavailable', 'step=48: proof unavailable', 'step=49: proof unavailable', 'step=50: proof unavailable', 'step=51: proof unavailable', 'step=52: proof unavailable', 'step=53: proof unavailable', 'step=54: proof unavailable', 'step=55: proof unavailable', 'step=56: proof unavailable', 'step=57: proof unavailable', 'step=58: proof unavailable', 'step=59: proof unavailable']",fem_native_gpu,legacy_sparse,all_in_gpu_legacy_sparse,device_source_of_truth,True,True,,178,0,0,488.170332,20.322824,0,0,0,0,31296,178,True,52,156,2,162322,281,True,production_executable,2,True,False,True,legacy_sparse_gpu,device_hypre_poisson,device,device,,ceed-cuda:/gpu/cuda/shared,1,1,CG,airbox,robin,100.0,dipole,2.0,AMG,mfem_hypre_boomeramg,6,8,6,1,,,1e-12,,500,1,explicit,CG,AMG,1e-12,,500,1,9,3.952276779241244e-14,0,,,,,,0.000000000000000e0,3.967924083936493e4,2.374292777194809e3,0.0,0.0,True,compute_hot_loop_host_sync_count=0;stage_exchange_device_resident=true,1
fem_gpu,box500_airbox_exchange_demag,heun,nonlinear_cg,fixed,/workspace/.fullmag/runtimes/fem-gpu-host/bin/fullmag-fem-gpu,64,1e-13,1,900.0,/workspace/.fullmag/runtimes/fem-gpu-variants/hypre-baseline-9377ad32bc08279eee8218b61007407974cd13e0c7599462f07abf05376db29a,9377ad32bc08279eee8218b61007407974cd13e0c7599462f07abf05376db29a,e04b5d6066cf058222f4a5b3623765542227eec5b287bbd9ef7c46df219b5afc,c936d6cc9add692d9b1178ea9d10f3bc8267d321f045370453c5f9f488741a64,study_domain,/workspace/examples/assets/box_40x20x10_coarse.mesh.json,coarse,52,149,96,0,0,True,/usr/bin/python3,gpu,1,1,CG,AMG,1e-12,,500,0,6,8,6,1,,,8000.0,nonlinear_cg,stagnation_triggered_cg8,True,True,True,True,False,/workspace/backends/fem/gpu/cuda/integrators/rk/rk_adaptive_decision_readback.cu,,True,ffe9595b4f6b6fc44fab022e733f2fbf2457ee8189929859a7f137f65dd10f11,True,59,0.0,ok,0,2725.182,794,54,59,box500_airbox_exchange_demag,heun,nonlinear_cg,fixed,double,0.0,0.000000000000000e0,,,-1.9366597009535904e-17,9.245328818777329e-23,-1.9636787707417246e-17,2.7009824459315313e-19,0.0,0.0,torque,7506.820510254027,0.009433348866732494,1.1102230246251565e-16,True,33.164192,0.022528,10.392562,0.008031,10.324243,0.0,10.324243,True,0.03776,0.022528,0.0,0.0,0.0,stagnation_triggered_cg8,0,0.0,0.0,1,1,2,118,1,False,,,,,0,59,"['step=1: proof unavailable', 'step=2: proof unavailable', 'step=3: proof unavailable', 'step=4: proof unavailable', 'step=5: proof unavailable', 'step=6: proof unavailable', 'step=7: proof unavailable', 'step=8: proof unavailable', 'step=9: proof unavailable', 'step=10: proof unavailable', 'step=11: proof unavailable', 'step=12: proof unavailable', 'step=13: proof unavailable', 'step=14: proof unavailable', 'step=15: proof unavailable', 'step=16: proof unavailable', 'step=17: proof unavailable', 'step=18: proof unavailable', 'step=19: proof unavailable', 'step=20: proof unavailable', 'step=21: proof unavailable', 'step=22: proof unavailable', 'step=23: proof unavailable', 'step=24: proof unavailable', 'step=25: proof unavailable', 'step=26: proof unavailable', 'step=27: proof unavailable', 'step=28: proof unavailable', 'step=29: proof unavailable', 'step=30: proof unavailable', 'step=31: proof unavailable', 'step=32: proof unavailable', 'step=33: proof unavailable', 'step=34: proof unavailable', 'step=35: proof unavailable', 'step=36: proof unavailable', 'step=37: proof unavailable', 'step=38: proof unavailable', 'step=39: proof unavailable', 'step=40: proof unavailable', 'step=41: proof unavailable', 'step=42: proof unavailable', 'step=43: proof unavailable', 'step=44: proof unavailable', 'step=45: proof unavailable', 'step=46: proof unavailable', 'step=47: proof unavailable', 'step=48: proof unavailable', 'step=49: proof unavailable', 'step=50: proof unavailable', 'step=51: proof unavailable', 'step=52: proof unavailable', 'step=53: proof unavailable', 'step=54: proof unavailable', 'step=55: proof unavailable', 'step=56: proof unavailable', 'step=57: proof unavailable', 'step=58: proof unavailable', 'step=59: proof unavailable']",fem_native_gpu,legacy_sparse,all_in_gpu_legacy_sparse,device_source_of_truth,True,True,,178,0,0,480.517339,21.230708,0,0,0,0,31296,178,True,52,156,2,162322,281,True,production_executable,2,True,False,True,legacy_sparse_gpu,device_hypre_poisson,device,device,,ceed-cuda:/gpu/cuda/shared,1,1,CG,airbox,robin,100.0,dipole,2.0,AMG,mfem_hypre_boomeramg,6,8,6,1,,,1e-12,,500,1,explicit,CG,AMG,1e-12,,500,1,9,3.952280924465789e-14,0,,,,,,0.000000000000000e0,3.967979717767592e4,2.374294625946113e3,0.0,0.0,True,compute_hot_loop_host_sync_count=0;stage_exchange_device_resident=true,1
fem_gpu,box500_airbox_exchange_demag,heun,nonlinear_cg,fixed,/workspace/.fullmag/runtimes/fem-gpu-host/bin/fullmag-fem-gpu,64,1e-13,1,900.0,/workspace/.fullmag/runtimes/fem-gpu-variants/hypre-baseline-9377ad32bc08279eee8218b61007407974cd13e0c7599462f07abf05376db29a,9377ad32bc08279eee8218b61007407974cd13e0c7599462f07abf05376db29a,e04b5d6066cf058222f4a5b3623765542227eec5b287bbd9ef7c46df219b5afc,c936d6cc9add692d9b1178ea9d10f3bc8267d321f045370453c5f9f488741a64,study_domain,/workspace/examples/assets/box_40x20x10_coarse.mesh.json,coarse,52,149,96,0,0,True,/usr/bin/python3,gpu,1,1,CG,AMG,1e-12,,500,0,6,8,6,1,,,8000.0,nonlinear_cg,none,True,True,True,True,False,/workspace/backends/fem/gpu/cuda/integrators/rk/rk_adaptive_decision_readback.cu,,True,ffe9595b4f6b6fc44fab022e733f2fbf2457ee8189929859a7f137f65dd10f11,True,59,0.0,ok,0,2902.18,794,54,59,box500_airbox_exchange_demag,heun,nonlinear_cg,fixed,double,0.0,0.000000000000000e0,,,-1.9366597052673022e-17,9.244860956038435e-23,-1.963678773782203e-17,2.70098236539445e-19,0.0,0.0,torque,7506.800659860569,0.00943332392199239,1.1102230246251565e-16,True,37.5398,0.070656,11.185745,0.009216,11.081585,0.0,11.081585,True,0.07248,0.022464,0.0,0.0,0.0,none,0,0.0,0.0,0,0,2,118,1,False,,,,,0,59,"['step=1: proof unavailable', 'step=2: proof unavailable', 'step=3: proof unavailable', 'step=4: proof unavailable', 'step=5: proof unavailable', 'step=6: proof unavailable', 'step=7: proof unavailable', 'step=8: proof unavailable', 'step=9: proof unavailable', 'step=10: proof unavailable', 'step=11: proof unavailable', 'step=12: proof unavailable', 'step=13: proof unavailable', 'step=14: proof unavailable', 'step=15: proof unavailable', 'step=16: proof unavailable', 'step=17: proof unavailable', 'step=18: proof unavailable', 'step=19: proof unavailable', 'step=20: proof unavailable', 'step=21: proof unavailable', 'step=22: proof unavailable', 'step=23: proof unavailable', 'step=24: proof unavailable', 'step=25: proof unavailable', 'step=26: proof unavailable', 'step=27: proof unavailable', 'step=28: proof unavailable', 'step=29: proof unavailable', 'step=30: proof unavailable', 'step=31: proof unavailable', 'step=32: proof unavailable', 'step=33: proof unavailable', 'step=34: proof unavailable', 'step=35: proof unavailable', 'step=36: proof unavailable', 'step=37: proof unavailable', 'step=38: proof unavailable', 'step=39: proof unavailable', 'step=40: proof unavailable', 'step=41: proof unavailable', 'step=42: proof unavailable', 'step=43: proof unavailable', 'step=44: proof unavailable', 'step=45: proof unavailable', 'step=46: proof unavailable', 'step=47: proof unavailable', 'step=48: proof unavailable', 'step=49: proof unavailable', 'step=50: proof unavailable', 'step=51: proof unavailable', 'step=52: proof unavailable', 'step=53: proof unavailable', 'step=54: proof unavailable', 'step=55: proof unavailable', 'step=56: proof unavailable', 'step=57: proof unavailable', 'step=58: proof unavailable', 'step=59: proof unavailable']",fem_native_gpu,legacy_sparse,all_in_gpu_legacy_sparse,device_source_of_truth,True,True,,178,0,0,481.261551,21.536637,0,0,0,0,31296,178,True,52,156,2,162322,281,True,production_executable,2,True,False,True,legacy_sparse_gpu,device_hypre_poisson,device,device,,ceed-cuda:/gpu/cuda/shared,1,1,CG,airbox,robin,100.0,dipole,2.0,AMG,mfem_hypre_boomeramg,6,8,6,1,,,1e-12,,500,1,explicit,CG,AMG,1e-12,,500,1,9,3.9522809625505675e-14,0,,,,,,0.000000000000000e0,3.967979742398853e4,2.374294640965298e3,0.0,0.0,True,compute_hot_loop_host_sync_count=0;stage_exchange_device_resident=true,2
fem_gpu,box500_airbox_exchange_demag,heun,nonlinear_cg,fixed,/workspace/.fullmag/runtimes/fem-gpu-host/bin/fullmag-fem-gpu,64,1e-13,1,900.0,/workspace/.fullmag/runtimes/fem-gpu-variants/hypre-baseline-9377ad32bc08279eee8218b61007407974cd13e0c7599462f07abf05376db29a,9377ad32bc08279eee8218b61007407974cd13e0c7599462f07abf05376db29a,e04b5d6066cf058222f4a5b3623765542227eec5b287bbd9ef7c46df219b5afc,c936d6cc9add692d9b1178ea9d10f3bc8267d321f045370453c5f9f488741a64,study_domain,/workspace/examples/assets/box_40x20x10_coarse.mesh.json,coarse,52,149,96,0,0,True,/usr/bin/python3,gpu,1,1,CG,AMG,1e-12,,500,0,6,8,6,1,,,8000.0,nonlinear_cg,diagonal_mass,True,True,True,True,False,/workspace/backends/fem/gpu/cuda/integrators/rk/rk_adaptive_decision_readback.cu,,True,ffe9595b4f6b6fc44fab022e733f2fbf2457ee8189929859a7f137f65dd10f11,True,59,0.0,ok,0,2895.449,794,54,59,box500_airbox_exchange_demag,heun,nonlinear_cg,fixed,double,0.0,0.000000000000000e0,,,-1.9366597052673022e-17,9.244860956038435e-23,-1.963678773782203e-17,2.70098236539445e-19,0.0,0.0,torque,7506.800659860569,0.00943332392199239,1.1102230246251565e-16,True,38.275327,0.061216,10.465641,0.008192,10.407017,0.0,10.407017,True,0.031744,0.018688,0.0,0.0,0.0,diagonal_mass,0,0.0,0.184166,0,0,2,118,1,False,,,,,0,59,"['step=1: proof unavailable', 'step=2: proof unavailable', 'step=3: proof unavailable', 'step=4: proof unavailable', 'step=5: proof unavailable', 'step=6: proof unavailable', 'step=7: proof unavailable', 'step=8: proof unavailable', 'step=9: proof unavailable', 'step=10: proof unavailable', 'step=11: proof unavailable', 'step=12: proof unavailable', 'step=13: proof unavailable', 'step=14: proof unavailable', 'step=15: proof unavailable', 'step=16: proof unavailable', 'step=17: proof unavailable', 'step=18: proof unavailable', 'step=19: proof unavailable', 'step=20: proof unavailable', 'step=21: proof unavailable', 'step=22: proof unavailable', 'step=23: proof unavailable', 'step=24: proof unavailable', 'step=25: proof unavailable', 'step=26: proof unavailable', 'step=27: proof unavailable', 'step=28: proof unavailable', 'step=29: proof unavailable', 'step=30: proof unavailable', 'step=31: proof unavailable', 'step=32: proof unavailable', 'step=33: proof unavailable', 'step=34: proof unavailable', 'step=35: proof unavailable', 'step=36: proof unavailable', 'step=37: proof unavailable', 'step=38: proof unavailable', 'step=39: proof unavailable', 'step=40: proof unavailable', 'step=41: proof unavailable', 'step=42: proof unavailable', 'step=43: proof unavailable', 'step=44: proof unavailable', 'step=45: proof unavailable', 'step=46: proof unavailable', 'step=47: proof unavailable', 'step=48: proof unavailable', 'step=49: proof unavailable', 'step=50: proof unavailable', 'step=51: proof unavailable', 'step=52: proof unavailable', 'step=53: proof unavailable', 'step=54: proof unavailable', 'step=55: proof unavailable', 'step=56: proof unavailable', 'step=57: proof unavailable', 'step=58: proof unavailable', 'step=59: proof unavailable']",fem_native_gpu,legacy_sparse,all_in_gpu_legacy_sparse,device_source_of_truth,True,True,,178,0,0,493.085235,22.930494,0,0,0,0,31296,178,True,52,156,2,162322,281,True,production_executable,2,True,False,True,legacy_sparse_gpu,device_hypre_poisson,device,device,,ceed-cuda:/gpu/cuda/shared,1,1,CG,airbox,robin,100.0,dipole,2.0,AMG,mfem_hypre_boomeramg,6,8,6,1,,,1e-12,,500,1,explicit,CG,AMG,1e-12,,500,1,9,3.9522809625505675e-14,0,,,,,,0.000000000000000e0,3.967979742398853e4,2.374294640965298e3,0.0,0.0,True,compute_hot_loop_host_sync_count=0;stage_exchange_device_resident=true,2
fem_gpu,box500_airbox_exchange_demag,heun,nonlinear_cg,fixed,/workspace/.fullmag/runtimes/fem-gpu-host/bin/fullmag-fem-gpu,64,1e-13,1,900.0,/workspace/.fullmag/runtimes/fem-gpu-variants/hypre-baseline-9377ad32bc08279eee8218b61007407974cd13e0c7599462f07abf05376db29a,9377ad32bc08279eee8218b61007407974cd13e0c7599462f07abf05376db29a,e04b5d6066cf058222f4a5b3623765542227eec5b287bbd9ef7c46df219b5afc,c936d6cc9add692d9b1178ea9d10f3bc8267d321f045370453c5f9f488741a64,study_domain,/workspace/examples/assets/box_40x20x10_coarse.mesh.json,coarse,52,149,96,0,0,True,/usr/bin/python3,gpu,1,1,CG,AMG,1e-12,,500,0,6,8,6,1,,,8000.0,nonlinear_cg,lumped_exchange_mass_cg4,True,True,True,True,False,/workspace/backends/fem/gpu/cuda/integrators/rk/rk_adaptive_decision_readback.cu,,True,ffe9595b4f6b6fc44fab022e733f2fbf2457ee8189929859a7f137f65dd10f11,True,59,0.0,ok,0,2955.919,794,54,59,box500_airbox_exchange_demag,heun,nonlinear_cg,fixed,double,0.0,0.000000000000000e0,,,-1.9366597715620507e-17,9.207107672901255e-23,-1.9636788694962788e-17,2.7009890826555142e-19,0.0,0.0,torque,7509.46652702224,0.009436673949468611,2.220446049250313e-16,True,38.21128,0.054272,9.946033,0.008192,9.800593,0.0,9.800593,True,0.050176,0.087072,0.0,0.0,0.0,lumped_exchange_mass_cg4,4,1e-06,1.299643,117,1,2,118,1,False,,,,,0,59,"['step=1: proof unavailable', 'step=2: proof unavailable', 'step=3: proof unavailable', 'step=4: proof unavailable', 'step=5: proof unavailable', 'step=6: proof unavailable', 'step=7: proof unavailable', 'step=8: proof unavailable', 'step=9: proof unavailable', 'step=10: proof unavailable', 'step=11: proof unavailable', 'step=12: proof unavailable', 'step=13: proof unavailable', 'step=14: proof unavailable', 'step=15: proof unavailable', 'step=16: proof unavailable', 'step=17: proof unavailable', 'step=18: proof unavailable', 'step=19: proof unavailable', 'step=20: proof unavailable', 'step=21: proof unavailable', 'step=22: proof unavailable', 'step=23: proof unavailable', 'step=24: proof unavailable', 'step=25: proof unavailable', 'step=26: proof unavailable', 'step=27: proof unavailable', 'step=28: proof unavailable', 'step=29: proof unavailable', 'step=30: proof unavailable', 'step=31: proof unavailable', 'step=32: proof unavailable', 'step=33: proof unavailable', 'step=34: proof unavailable', 'step=35: proof unavailable', 'step=36: proof unavailable', 'step=37: proof unavailable', 'step=38: proof unavailable', 'step=39: proof unavailable', 'step=40: proof unavailable', 'step=41: proof unavailable', 'step=42: proof unavailable', 'step=43: proof unavailable', 'step=44: proof unavailable', 'step=45: proof unavailable', 'step=46: proof unavailable', 'step=47: proof unavailable', 'step=48: proof unavailable', 'step=49: proof unavailable', 'step=50: proof unavailable', 'step=51: proof unavailable', 'step=52: proof unavailable', 'step=53: proof unavailable', 'step=54: proof unavailable', 'step=55: proof unavailable', 'step=56: proof unavailable', 'step=57: proof unavailable', 'step=58: proof unavailable', 'step=59: proof unavailable']",fem_native_gpu,legacy_sparse,all_in_gpu_legacy_sparse,device_source_of_truth,True,True,,178,0,0,493.1331,21.298288,0,0,0,0,31296,178,True,52,156,2,162322,281,True,production_executable,2,True,False,True,legacy_sparse_gpu,device_hypre_poisson,device,device,,ceed-cuda:/gpu/cuda/shared,1,1,CG,airbox,robin,100.0,dipole,2.0,AMG,mfem_hypre_boomeramg,6,8,6,1,,,1e-12,,500,1,explicit,CG,AMG,1e-12,,500,1,9,3.952276780879238e-14,0,,,,,,0.000000000000000e0,3.967924083857984e4,2.374292776249348e3,0.0,0.0,True,compute_hot_loop_host_sync_count=0;stage_exchange_device_resident=true,2
fem_gpu,box500_airbox_exchange_demag,heun,nonlinear_cg,fixed,/workspace/.fullmag/runtimes/fem-gpu-host/bin/fullmag-fem-gpu,64,1e-13,1,900.0,/workspace/.fullmag/runtimes/fem-gpu-variants/hypre-baseline-9377ad32bc08279eee8218b61007407974cd13e0c7599462f07abf05376db29a,9377ad32bc08279eee8218b61007407974cd13e0c7599462f07abf05376db29a,e04b5d6066cf058222f4a5b3623765542227eec5b287bbd9ef7c46df219b5afc,c936d6cc9add692d9b1178ea9d10f3bc8267d321f045370453c5f9f488741a64,study_domain,/workspace/examples/assets/box_40x20x10_coarse.mesh.json,coarse,52,149,96,0,0,True,/usr/bin/python3,gpu,1,1,CG,AMG,1e-12,,500,0,6,8,6,1,,,8000.0,nonlinear_cg,lumped_exchange_mass_cg8,True,True,True,True,False,/workspace/backends/fem/gpu/cuda/integrators/rk/rk_adaptive_decision_readback.cu,,True,ffe9595b4f6b6fc44fab022e733f2fbf2457ee8189929859a7f137f65dd10f11,True,59,0.0,ok,0,3090.842,794,54,59,box500_airbox_exchange_demag,heun,nonlinear_cg,fixed,double,0.0,0.000000000000000e0,,,-1.9366597715469376e-17,9.20710800618512e-23,-1.9636788694820658e-17,2.7009890827122184e-19,0.0,0.0,torque,7509.466407983904,0.009436673799880627,1.1102230246251565e-16,True,38.376693,0.025344,10.396956,0.007168,10.284316,0.0,10.284316,True,0.033792,0.07168,0.0,0.0,0.0,lumped_exchange_mass_cg8,8,1e-06,2.644478,117,1,2,118,1,False,,,,,0,59,"['step=1: proof unavailable', 'step=2: proof unavailable', 'step=3: proof unavailable', 'step=4: proof unavailable', 'step=5: proof unavailable', 'step=6: proof unavailable', 'step=7: proof unavailable', 'step=8: proof unavailable', 'step=9: proof unavailable', 'step=10: proof unavailable', 'step=11: proof unavailable', 'step=12: proof unavailable', 'step=13: proof unavailable', 'step=14: proof unavailable', 'step=15: proof unavailable', 'step=16: proof unavailable', 'step=17: proof unavailable', 'step=18: proof unavailable', 'step=19: proof unavailable', 'step=20: proof unavailable', 'step=21: proof unavailable', 'step=22: proof unavailable', 'step=23: proof unavailable', 'step=24: proof unavailable', 'step=25: proof unavailable', 'step=26: proof unavailable', 'step=27: proof unavailable', 'step=28: proof unavailable', 'step=29: proof unavailable', 'step=30: proof unavailable', 'step=31: proof unavailable', 'step=32: proof unavailable', 'step=33: proof unavailable', 'step=34: proof unavailable', 'step=35: proof unavailable', 'step=36: proof unavailable', 'step=37: proof unavailable', 'step=38: proof unavailable', 'step=39: proof unavailable', 'step=40: proof unavailable', 'step=41: proof unavailable', 'step=42: proof unavailable', 'step=43: proof unavailable', 'step=44: proof unavailable', 'step=45: proof unavailable', 'step=46: proof unavailable', 'step=47: proof unavailable', 'step=48: proof unavailable', 'step=49: proof unavailable', 'step=50: proof unavailable', 'step=51: proof unavailable', 'step=52: proof unavailable', 'step=53: proof unavailable', 'step=54: proof unavailable', 'step=55: proof unavailable', 'step=56: proof unavailable', 'step=57: proof unavailable', 'step=58: proof unavailable', 'step=59: proof unavailable']",fem_native_gpu,legacy_sparse,all_in_gpu_legacy_sparse,device_source_of_truth,True,True,,178,0,0,512.260976,21.498733,0,0,0,0,31296,178,True,52,156,2,162322,281,True,production_executable,2,True,False,True,legacy_sparse_gpu,device_hypre_poisson,device,device,,ceed-cuda:/gpu/cuda/shared,1,1,CG,airbox,robin,100.0,dipole,2.0,AMG,mfem_hypre_boomeramg,6,8,6,1,,,1e-12,,500,1,explicit,CG,AMG,1e-12,,500,1,9,3.952276779241244e-14,0,,,,,,0.000000000000000e0,3.967924083936493e4,2.374292777194809e3,0.0,0.0,True,compute_hot_loop_host_sync_count=0;stage_exchange_device_resident=true,2
fem_gpu,box500_airbox_exchange_demag,heun,nonlinear_cg,fixed,/workspace/.fullmag/runtimes/fem-gpu-host/bin/fullmag-fem-gpu,64,1e-13,1,900.0,/workspace/.fullmag/runtimes/fem-gpu-variants/hypre-baseline-9377ad32bc08279eee8218b61007407974cd13e0c7599462f07abf05376db29a,9377ad32bc08279eee8218b61007407974cd13e0c7599462f07abf05376db29a,e04b5d6066cf058222f4a5b3623765542227eec5b287bbd9ef7c46df219b5afc,c936d6cc9add692d9b1178ea9d10f3bc8267d321f045370453c5f9f488741a64,study_domain,/workspace/examples/assets/box_40x20x10_coarse.mesh.json,coarse,52,149,96,0,0,True,/usr/bin/python3,gpu,1,1,CG,AMG,1e-12,,500,0,6,8,6,1,,,8000.0,nonlinear_cg,stagnation_triggered_cg8,True,True,True,True,False,/workspace/backends/fem/gpu/cuda/integrators/rk/rk_adaptive_decision_readback.cu,,True,ffe9595b4f6b6fc44fab022e733f2fbf2457ee8189929859a7f137f65dd10f11,True,59,0.0,ok,0,2960.306,794,54,59,box500_airbox_exchange_demag,heun,nonlinear_cg,fixed,double,0.0,0.000000000000000e0,,,-1.9366597009535904e-17,9.245328818777329e-23,-1.9636787707417246e-17,2.7009824459315313e-19,0.0,0.0,torque,7506.820510254027,0.009433348866732494,1.1102230246251565e-16,True,40.822581,0.101376,10.583631,0.010112,10.519151,0.0,10.519151,True,0.036864,0.017504,0.0,0.0,0.0,stagnation_triggered_cg8,0,0.0,0.0,1,1,2,118,1,False,,,,,0,59,"['step=1: proof unavailable', 'step=2: proof unavailable', 'step=3: proof unavailable', 'step=4: proof unavailable', 'step=5: proof unavailable', 'step=6: proof unavailable', 'step=7: proof unavailable', 'step=8: proof unavailable', 'step=9: proof unavailable', 'step=10: proof unavailable', 'step=11: proof unavailable', 'step=12: proof unavailable', 'step=13: proof unavailable', 'step=14: proof unavailable', 'step=15: proof unavailable', 'step=16: proof unavailable', 'step=17: proof unavailable', 'step=18: proof unavailable', 'step=19: proof unavailable', 'step=20: proof unavailable', 'step=21: proof unavailable', 'step=22: proof unavailable', 'step=23: proof unavailable', 'step=24: proof unavailable', 'step=25: proof unavailable', 'step=26: proof unavailable', 'step=27: proof unavailable', 'step=28: proof unavailable', 'step=29: proof unavailable', 'step=30: proof unavailable', 'step=31: proof unavailable', 'step=32: proof unavailable', 'step=33: proof unavailable', 'step=34: proof unavailable', 'step=35: proof unavailable', 'step=36: proof unavailable', 'step=37: proof unavailable', 'step=38: proof unavailable', 'step=39: proof unavailable', 'step=40: proof unavailable', 'step=41: proof unavailable', 'step=42: proof unavailable', 'step=43: proof unavailable', 'step=44: proof unavailable', 'step=45: proof unavailable', 'step=46: proof unavailable', 'step=47: proof unavailable', 'step=48: proof unavailable', 'step=49: proof unavailable', 'step=50: proof unavailable', 'step=51: proof unavailable', 'step=52: proof unavailable', 'step=53: proof unavailable', 'step=54: proof unavailable', 'step=55: proof unavailable', 'step=56: proof unavailable', 'step=57: proof unavailable', 'step=58: proof unavailable', 'step=59: proof unavailable']",fem_native_gpu,legacy_sparse,all_in_gpu_legacy_sparse,device_source_of_truth,True,True,,178,0,0,558.331399,22.757359,0,0,0,0,31296,178,True,52,156,2,162322,281,True,production_executable,2,True,False,True,legacy_sparse_gpu,device_hypre_poisson,device,device,,ceed-cuda:/gpu/cuda/shared,1,1,CG,airbox,robin,100.0,dipole,2.0,AMG,mfem_hypre_boomeramg,6,8,6,1,,,1e-12,,500,1,explicit,CG,AMG,1e-12,,500,1,9,3.952280924465789e-14,0,,,,,,0.000000000000000e0,3.967979717767592e4,2.374294625946113e3,0.0,0.0,True,compute_hot_loop_host_sync_count=0;stage_exchange_device_resident=true,2
fem_gpu,box500_airbox_exchange_demag,heun,nonlinear_cg,fixed,/workspace/.fullmag/runtimes/fem-gpu-host/bin/fullmag-fem-gpu,64,1e-13,1,900.0,/workspace/.fullmag/runtimes/fem-gpu-variants/hypre-baseline-9377ad32bc08279eee8218b61007407974cd13e0c7599462f07abf05376db29a,9377ad32bc08279eee8218b61007407974cd13e0c7599462f07abf05376db29a,e04b5d6066cf058222f4a5b3623765542227eec5b287bbd9ef7c46df219b5afc,c936d6cc9add692d9b1178ea9d10f3bc8267d321f045370453c5f9f488741a64,study_domain,/workspace/examples/assets/box_40x20x10_coarse.mesh.json,coarse,52,149,96,0,0,True,/usr/bin/python3,gpu,1,1,CG,AMG,1e-12,,500,0,6,8,6,1,,,8000.0,nonlinear_cg,none,True,True,True,True,False,/workspace/backends/fem/gpu/cuda/integrators/rk/rk_adaptive_decision_readback.cu,,True,ffe9595b4f6b6fc44fab022e733f2fbf2457ee8189929859a7f137f65dd10f11,True,59,0.0,ok,0,2828.344,794,54,59,box500_airbox_exchange_demag,heun,nonlinear_cg,fixed,double,0.0,0.000000000000000e0,,,-1.9366597052673022e-17,9.244860956038435e-23,-1.963678773782203e-17,2.70098236539445e-19,0.0,0.0,torque,7506.800659860569,0.00943332392199239,1.1102230246251565e-16,True,38.593219,0.06656,11.725958,0.064512,11.54983,0.0,11.54983,True,0.038912,0.072704,0.0,0.0,0.0,none,0,0.0,0.0,0,0,2,118,1,False,,,,,0,59,"['step=1: proof unavailable', 'step=2: proof unavailable', 'step=3: proof unavailable', 'step=4: proof unavailable', 'step=5: proof unavailable', 'step=6: proof unavailable', 'step=7: proof unavailable', 'step=8: proof unavailable', 'step=9: proof unavailable', 'step=10: proof unavailable', 'step=11: proof unavailable', 'step=12: proof unavailable', 'step=13: proof unavailable', 'step=14: proof unavailable', 'step=15: proof unavailable', 'step=16: proof unavailable', 'step=17: proof unavailable', 'step=18: proof unavailable', 'step=19: proof unavailable', 'step=20: proof unavailable', 'step=21: proof unavailable', 'step=22: proof unavailable', 'step=23: proof unavailable', 'step=24: proof unavailable', 'step=25: proof unavailable', 'step=26: proof unavailable', 'step=27: proof unavailable', 'step=28: proof unavailable', 'step=29: proof unavailable', 'step=30: proof unavailable', 'step=31: proof unavailable', 'step=32: proof unavailable', 'step=33: proof unavailable', 'step=34: proof unavailable', 'step=35: proof unavailable', 'step=36: proof unavailable', 'step=37: proof unavailable', 'step=38: proof unavailable', 'step=39: proof unavailable', 'step=40: proof unavailable', 'step=41: proof unavailable', 'step=42: proof unavailable', 'step=43: proof unavailable', 'step=44: proof unavailable', 'step=45: proof unavailable', 'step=46: proof unavailable', 'step=47: proof unavailable', 'step=48: proof unavailable', 'step=49: proof unavailable', 'step=50: proof unavailable', 'step=51: proof unavailable', 'step=52: proof unavailable', 'step=53: proof unavailable', 'step=54: proof unavailable', 'step=55: proof unavailable', 'step=56: proof unavailable', 'step=57: proof unavailable', 'step=58: proof unavailable', 'step=59: proof unavailable']",fem_native_gpu,legacy_sparse,all_in_gpu_legacy_sparse,device_source_of_truth,True,True,,178,0,0,520.644176,22.84378,0,0,0,0,31296,178,True,52,156,2,162322,281,True,production_executable,2,True,False,True,legacy_sparse_gpu,device_hypre_poisson,device,device,,ceed-cuda:/gpu/cuda/shared,1,1,CG,airbox,robin,100.0,dipole,2.0,AMG,mfem_hypre_boomeramg,6,8,6,1,,,1e-12,,500,1,explicit,CG,AMG,1e-12,,500,1,9,3.9522809625505675e-14,0,,,,,,0.000000000000000e0,3.967979742398853e4,2.374294640965298e3,0.0,0.0,True,compute_hot_loop_host_sync_count=0;stage_exchange_device_resident=true,3
fem_gpu,box500_airbox_exchange_demag,heun,nonlinear_cg,fixed,/workspace/.fullmag/runtimes/fem-gpu-host/bin/fullmag-fem-gpu,64,1e-13,1,900.0,/workspace/.fullmag/runtimes/fem-gpu-variants/hypre-baseline-9377ad32bc08279eee8218b61007407974cd13e0c7599462f07abf05376db29a,9377ad32bc08279eee8218b61007407974cd13e0c7599462f07abf05376db29a,e04b5d6066cf058222f4a5b3623765542227eec5b287bbd9ef7c46df219b5afc,c936d6cc9add692d9b1178ea9d10f3bc8267d321f045370453c5f9f488741a64,study_domain,/workspace/examples/assets/box_40x20x10_coarse.mesh.json,coarse,52,149,96,0,0,True,/usr/bin/python3,gpu,1,1,CG,AMG,1e-12,,500,0,6,8,6,1,,,8000.0,nonlinear_cg,diagonal_mass,True,True,True,True,False,/workspace/backends/fem/gpu/cuda/integrators/rk/rk_adaptive_decision_readback.cu,,True,ffe9595b4f6b6fc44fab022e733f2fbf2457ee8189929859a7f137f65dd10f11,True,59,0.0,ok,0,2766.626,794,54,59,box500_airbox_exchange_demag,heun,nonlinear_cg,fixed,double,0.0,0.000000000000000e0,,,-1.9366597052673022e-17,9.244860956038435e-23,-1.963678773782203e-17,2.70098236539445e-19,0.0,0.0,torque,7506.800659860569,0.00943332392199239,1.1102230246251565e-16,True,35.293019,0.088224,10.122711,0.04096,10.032599,0.0,10.032599,True,0.033792,0.01536,0.0,0.0,0.0,diagonal_mass,0,0.0,0.114536,0,0,2,118,1,False,,,,,0,59,"['step=1: proof unavailable', 'step=2: proof unavailable', 'step=3: proof unavailable', 'step=4: proof unavailable', 'step=5: proof unavailable', 'step=6: proof unavailable', 'step=7: proof unavailable', 'step=8: proof unavailable', 'step=9: proof unavailable', 'step=10: proof unavailable', 'step=11: proof unavailable', 'step=12: proof unavailable', 'step=13: proof unavailable', 'step=14: proof unavailable', 'step=15: proof unavailable', 'step=16: proof unavailable', 'step=17: proof unavailable', 'step=18: proof unavailable', 'step=19: proof unavailable', 'step=20: proof unavailable', 'step=21: proof unavailable', 'step=22: proof unavailable', 'step=23: proof unavailable', 'step=24: proof unavailable', 'step=25: proof unavailable', 'step=26: proof unavailable', 'step=27: proof unavailable', 'step=28: proof unavailable', 'step=29: proof unavailable', 'step=30: proof unavailable', 'step=31: proof unavailable', 'step=32: proof unavailable', 'step=33: proof unavailable', 'step=34: proof unavailable', 'step=35: proof unavailable', 'step=36: proof unavailable', 'step=37: proof unavailable', 'step=38: proof unavailable', 'step=39: proof unavailable', 'step=40: proof unavailable', 'step=41: proof unavailable', 'step=42: proof unavailable', 'step=43: proof unavailable', 'step=44: proof unavailable', 'step=45: proof unavailable', 'step=46: proof unavailable', 'step=47: proof unavailable', 'step=48: proof unavailable', 'step=49: proof unavailable', 'step=50: proof unavailable', 'step=51: proof unavailable', 'step=52: proof unavailable', 'step=53: proof unavailable', 'step=54: proof unavailable', 'step=55: proof unavailable', 'step=56: proof unavailable', 'step=57: proof unavailable', 'step=58: proof unavailable', 'step=59: proof unavailable']",fem_native_gpu,legacy_sparse,all_in_gpu_legacy_sparse,device_source_of_truth,True,True,,178,0,0,502.377115,22.257059,0,0,0,0,31296,178,True,52,156,2,162322,281,True,production_executable,2,True,False,True,legacy_sparse_gpu,device_hypre_poisson,device,device,,ceed-cuda:/gpu/cuda/shared,1,1,CG,airbox,robin,100.0,dipole,2.0,AMG,mfem_hypre_boomeramg,6,8,6,1,,,1e-12,,500,1,explicit,CG,AMG,1e-12,,500,1,9,3.9522809625505675e-14,0,,,,,,0.000000000000000e0,3.967979742398853e4,2.374294640965298e3,0.0,0.0,True,compute_hot_loop_host_sync_count=0;stage_exchange_device_resident=true,3
fem_gpu,box500_airbox_exchange_demag,heun,nonlinear_cg,fixed,/workspace/.fullmag/runtimes/fem-gpu-host/bin/fullmag-fem-gpu,64,1e-13,1,900.0,/workspace/.fullmag/runtimes/fem-gpu-variants/hypre-baseline-9377ad32bc08279eee8218b61007407974cd13e0c7599462f07abf05376db29a,9377ad32bc08279eee8218b61007407974cd13e0c7599462f07abf05376db29a,e04b5d6066cf058222f4a5b3623765542227eec5b287bbd9ef7c46df219b5afc,c936d6cc9add692d9b1178ea9d10f3bc8267d321f045370453c5f9f488741a64,study_domain,/workspace/examples/assets/box_40x20x10_coarse.mesh.json,coarse,52,149,96,0,0,True,/usr/bin/python3,gpu,1,1,CG,AMG,1e-12,,500,0,6,8,6,1,,,8000.0,nonlinear_cg,lumped_exchange_mass_cg4,True,True,True,True,False,/workspace/backends/fem/gpu/cuda/integrators/rk/rk_adaptive_decision_readback.cu,,True,ffe9595b4f6b6fc44fab022e733f2fbf2457ee8189929859a7f137f65dd10f11,True,59,0.0,ok,0,3010.1,794,54,59,box500_airbox_exchange_demag,heun,nonlinear_cg,fixed,double,0.0,0.000000000000000e0,,,-1.9366597715620507e-17,9.207107672901255e-23,-1.9636788694962788e-17,2.7009890826555142e-19,0.0,0.0,torque,7509.46652702224,0.009436673949468611,2.220446049250313e-16,True,41.158567,0.067584,11.672125,0.01024,11.562685,0.0,11.562685,True,0.076672,0.022528,0.0,0.0,0.0,lumped_exchange_mass_cg4,4,1e-06,1.734852,117,1,2,118,1,False,,,,,0,59,"['step=1: proof unavailable', 'step=2: proof unavailable', 'step=3: proof unavailable', 'step=4: proof unavailable', 'step=5: proof unavailable', 'step=6: proof unavailable', 'step=7: proof unavailable', 'step=8: proof unavailable', 'step=9: proof unavailable', 'step=10: proof unavailable', 'step=11: proof unavailable', 'step=12: proof unavailable', 'step=13: proof unavailable', 'step=14: proof unavailable', 'step=15: proof unavailable', 'step=16: proof unavailable', 'step=17: proof unavailable', 'step=18: proof unavailable', 'step=19: proof unavailable', 'step=20: proof unavailable', 'step=21: proof unavailable', 'step=22: proof unavailable', 'step=23: proof unavailable', 'step=24: proof unavailable', 'step=25: proof unavailable', 'step=26: proof unavailable', 'step=27: proof unavailable', 'step=28: proof unavailable', 'step=29: proof unavailable', 'step=30: proof unavailable', 'step=31: proof unavailable', 'step=32: proof unavailable', 'step=33: proof unavailable', 'step=34: proof unavailable', 'step=35: proof unavailable', 'step=36: proof unavailable', 'step=37: proof unavailable', 'step=38: proof unavailable', 'step=39: proof unavailable', 'step=40: proof unavailable', 'step=41: proof unavailable', 'step=42: proof unavailable', 'step=43: proof unavailable', 'step=44: proof unavailable', 'step=45: proof unavailable', 'step=46: proof unavailable', 'step=47: proof unavailable', 'step=48: proof unavailable', 'step=49: proof unavailable', 'step=50: proof unavailable', 'step=51: proof unavailable', 'step=52: proof unavailable', 'step=53: proof unavailable', 'step=54: proof unavailable', 'step=55: proof unavailable', 'step=56: proof unavailable', 'step=57: proof unavailable', 'step=58: proof unavailable', 'step=59: proof unavailable']",fem_native_gpu,legacy_sparse,all_in_gpu_legacy_sparse,device_source_of_truth,True,True,,178,0,0,504.85631,23.844123,0,0,0,0,31296,178,True,52,156,2,162322,281,True,production_executable,2,True,False,True,legacy_sparse_gpu,device_hypre_poisson,device,device,,ceed-cuda:/gpu/cuda/shared,1,1,CG,airbox,robin,100.0,dipole,2.0,AMG,mfem_hypre_boomeramg,6,8,6,1,,,1e-12,,500,1,explicit,CG,AMG,1e-12,,500,1,9,3.952276780879238e-14,0,,,,,,0.000000000000000e0,3.967924083857984e4,2.374292776249348e3,0.0,0.0,True,compute_hot_loop_host_sync_count=0;stage_exchange_device_resident=true,3
fem_gpu,box500_airbox_exchange_demag,heun,nonlinear_cg,fixed,/workspace/.fullmag/runtimes/fem-gpu-host/bin/fullmag-fem-gpu,64,1e-13,1,900.0,/workspace/.fullmag/runtimes/fem-gpu-variants/hypre-baseline-9377ad32bc08279eee8218b61007407974cd13e0c7599462f07abf05376db29a,9377ad32bc08279eee8218b61007407974cd13e0c7599462f07abf05376db29a,e04b5d6066cf058222f4a5b3623765542227eec5b287bbd9ef7c46df219b5afc,c936d6cc9add692d9b1178ea9d10f3bc8267d321f045370453c5f9f488741a64,study_domain,/workspace/examples/assets/box_40x20x10_coarse.mesh.json,coarse,52,149,96,0,0,True,/usr/bin/python3,gpu,1,1,CG,AMG,1e-12,,500,0,6,8,6,1,,,8000.0,nonlinear_cg,lumped_exchange_mass_cg8,True,True,True,True,False,/workspace/backends/fem/gpu/cuda/integrators/rk/rk_adaptive_decision_readback.cu,,True,ffe9595b4f6b6fc44fab022e733f2fbf2457ee8189929859a7f137f65dd10f11,True,59,0.0,ok,0,3107.261,794,54,59,box500_airbox_exchange_demag,heun,nonlinear_cg,fixed,double,0.0,0.000000000000000e0,,,-1.9366597715469376e-17,9.20710800618512e-23,-1.9636788694820658e-17,2.7009890827122184e-19,0.0,0.0,torque,7509.466407983904,0.009436673799880627,1.1102230246251565e-16,True,42.658998,0.021504,13.598364,0.011264,13.463196,0.0,13.463196,True,0.037888,0.086016,0.0,0.0,0.0,lumped_exchange_mass_cg8,8,1e-06,3.370962,117,1,2,118,1,False,,,,,0,59,"['step=1: proof unavailable', 'step=2: proof unavailable', 'step=3: proof unavailable', 'step=4: proof unavailable', 'step=5: proof unavailable', 'step=6: proof unavailable', 'step=7: proof unavailable', 'step=8: proof unavailable', 'step=9: proof unavailable', 'step=10: proof unavailable', 'step=11: proof unavailable', 'step=12: proof unavailable', 'step=13: proof unavailable', 'step=14: proof unavailable', 'step=15: proof unavailable', 'step=16: proof unavailable', 'step=17: proof unavailable', 'step=18: proof unavailable', 'step=19: proof unavailable', 'step=20: proof unavailable', 'step=21: proof unavailable', 'step=22: proof unavailable', 'step=23: proof unavailable', 'step=24: proof unavailable', 'step=25: proof unavailable', 'step=26: proof unavailable', 'step=27: proof unavailable', 'step=28: proof unavailable', 'step=29: proof unavailable', 'step=30: proof unavailable', 'step=31: proof unavailable', 'step=32: proof unavailable', 'step=33: proof unavailable', 'step=34: proof unavailable', 'step=35: proof unavailable', 'step=36: proof unavailable', 'step=37: proof unavailable', 'step=38: proof unavailable', 'step=39: proof unavailable', 'step=40: proof unavailable', 'step=41: proof unavailable', 'step=42: proof unavailable', 'step=43: proof unavailable', 'step=44: proof unavailable', 'step=45: proof unavailable', 'step=46: proof unavailable', 'step=47: proof unavailable', 'step=48: proof unavailable', 'step=49: proof unavailable', 'step=50: proof unavailable', 'step=51: proof unavailable', 'step=52: proof unavailable', 'step=53: proof unavailable', 'step=54: proof unavailable', 'step=55: proof unavailable', 'step=56: proof unavailable', 'step=57: proof unavailable', 'step=58: proof unavailable', 'step=59: proof unavailable']",fem_native_gpu,legacy_sparse,all_in_gpu_legacy_sparse,device_source_of_truth,True,True,,178,0,0,494.069979,21.003377,0,0,0,0,31296,178,True,52,156,2,162322,281,True,production_executable,2,True,False,True,legacy_sparse_gpu,device_hypre_poisson,device,device,,ceed-cuda:/gpu/cuda/shared,1,1,CG,airbox,robin,100.0,dipole,2.0,AMG,mfem_hypre_boomeramg,6,8,6,1,,,1e-12,,500,1,explicit,CG,AMG,1e-12,,500,1,9,3.952276779241244e-14,0,,,,,,0.000000000000000e0,3.967924083936493e4,2.374292777194809e3,0.0,0.0,True,compute_hot_loop_host_sync_count=0;stage_exchange_device_resident=true,3
fem_gpu,box500_airbox_exchange_demag,heun,nonlinear_cg,fixed,/workspace/.fullmag/runtimes/fem-gpu-host/bin/fullmag-fem-gpu,64,1e-13,1,900.0,/workspace/.fullmag/runtimes/fem-gpu-variants/hypre-baseline-9377ad32bc08279eee8218b61007407974cd13e0c7599462f07abf05376db29a,9377ad32bc08279eee8218b61007407974cd13e0c7599462f07abf05376db29a,e04b5d6066cf058222f4a5b3623765542227eec5b287bbd9ef7c46df219b5afc,c936d6cc9add692d9b1178ea9d10f3bc8267d321f045370453c5f9f488741a64,study_domain,/workspace/examples/assets/box_40x20x10_coarse.mesh.json,coarse,52,149,96,0,0,True,/usr/bin/python3,gpu,1,1,CG,AMG,1e-12,,500,0,6,8,6,1,,,8000.0,nonlinear_cg,stagnation_triggered_cg8,True,True,True,True,False,/workspace/backends/fem/gpu/cuda/integrators/rk/rk_adaptive_decision_readback.cu,,True,ffe9595b4f6b6fc44fab022e733f2fbf2457ee8189929859a7f137f65dd10f11,True,59,0.0,ok,0,2942.6,794,54,59,box500_airbox_exchange_demag,heun,nonlinear_cg,fixed,double,0.0,0.000000000000000e0,,,-1.9366597009535904e-17,9.245328818777329e-23,-1.9636787707417246e-17,2.7009824459315313e-19,0.0,0.0,torque,7506.820510254027,0.009433348866732494,1.1102230246251565e-16,True,51.448784,0.03072,14.817738,0.021408,14.678762,0.0,14.678762,True,0.044032,0.073536,0.0,0.0,0.0,stagnation_triggered_cg8,0,0.0,0.0,1,1,2,118,1,False,,,,,0,59,"['step=1: proof unavailable', 'step=2: proof unavailable', 'step=3: proof unavailable', 'step=4: proof unavailable', 'step=5: proof unavailable', 'step=6: proof unavailable', 'step=7: proof unavailable', 'step=8: proof unavailable', 'step=9: proof unavailable', 'step=10: proof unavailable', 'step=11: proof unavailable', 'step=12: proof unavailable', 'step=13: proof unavailable', 'step=14: proof unavailable', 'step=15: proof unavailable', 'step=16: proof unavailable', 'step=17: proof unavailable', 'step=18: proof unavailable', 'step=19: proof unavailable', 'step=20: proof unavailable', 'step=21: proof unavailable', 'step=22: proof unavailable', 'step=23: proof unavailable', 'step=24: proof unavailable', 'step=25: proof unavailable', 'step=26: proof unavailable', 'step=27: proof unavailable', 'step=28: proof unavailable', 'step=29: proof unavailable', 'step=30: proof unavailable', 'step=31: proof unavailable', 'step=32: proof unavailable', 'step=33: proof unavailable', 'step=34: proof unavailable', 'step=35: proof unavailable', 'step=36: proof unavailable', 'step=37: proof unavailable', 'step=38: proof unavailable', 'step=39: proof unavailable', 'step=40: proof unavailable', 'step=41: proof unavailable', 'step=42: proof unavailable', 'step=43: proof unavailable', 'step=44: proof unavailable', 'step=45: proof unavailable', 'step=46: proof unavailable', 'step=47: proof unavailable', 'step=48: proof unavailable', 'step=49: proof unavailable', 'step=50: proof unavailable', 'step=51: proof unavailable', 'step=52: proof unavailable', 'step=53: proof unavailable', 'step=54: proof unavailable', 'step=55: proof unavailable', 'step=56: proof unavailable', 'step=57: proof unavailable', 'step=58: proof unavailable', 'step=59: proof unavailable']",fem_native_gpu,legacy_sparse,all_in_gpu_legacy_sparse,device_source_of_truth,True,True,,178,0,0,509.973456,23.100381,0,0,0,0,31296,178,True,52,156,2,162322,281,True,production_executable,2,True,False,True,legacy_sparse_gpu,device_hypre_poisson,device,device,,ceed-cuda:/gpu/cuda/shared,1,1,CG,airbox,robin,100.0,dipole,2.0,AMG,mfem_hypre_boomeramg,6,8,6,1,,,1e-12,,500,1,explicit,CG,AMG,1e-12,,500,1,9,3.952280924465789e-14,0,,,,,,0.000000000000000e0,3.967979717767592e4,2.374294625946113e3,0.0,0.0,True,compute_hot_loop_host_sync_count=0;stage_exchange_device_resident=true,3
fem_gpu,box500_airbox_exchange_demag,heun,nonlinear_cg,fixed,/workspace/.fullmag/runtimes/fem-gpu-host/bin/fullmag-fem-gpu,64,1e-13,1,900.0,/workspace/.fullmag/runtimes/fem-gpu-variants/hypre-baseline-9377ad32bc08279eee8218b61007407974cd13e0c7599462f07abf05376db29a,9377ad32bc08279eee8218b61007407974cd13e0c7599462f07abf05376db29a,e04b5d6066cf058222f4a5b3623765542227eec5b287bbd9ef7c46df219b5afc,c936d6cc9add692d9b1178ea9d10f3bc8267d321f045370453c5f9f488741a64,study_domain,/workspace/examples/assets/box_40x20x10_coarse.mesh.json,coarse,52,149,96,0,0,True,/usr/bin/python3,gpu,1,1,CG,AMG,1e-12,,500,0,6,8,6,1,,,8000.0,nonlinear_cg,none,True,True,True,True,False,/workspace/backends/fem/gpu/cuda/integrators/rk/rk_adaptive_decision_readback.cu,,True,ffe9595b4f6b6fc44fab022e733f2fbf2457ee8189929859a7f137f65dd10f11,True,59,0.0,ok,0,2856.161,794,54,59,box500_airbox_exchange_demag,heun,nonlinear_cg,fixed,double,0.0,0.000000000000000e0,,,-1.9366597052673022e-17,9.244860956038435e-23,-1.963678773782203e-17,2.70098236539445e-19,0.0,0.0,torque,7506.800659860569,0.00943332392199239,1.1102230246251565e-16,True,39.015698,0.02048,11.076051,0.058368,10.795475,0.0,10.795475,True,0.03584,0.186368,0.0,0.0,0.0,none,0,0.0,0.0,0,0,2,118,1,False,,,,,0,59,"['step=1: proof unavailable', 'step=2: proof unavailable', 'step=3: proof unavailable', 'step=4: proof unavailable', 'step=5: proof unavailable', 'step=6: proof unavailable', 'step=7: proof unavailable', 'step=8: proof unavailable', 'step=9: proof unavailable', 'step=10: proof unavailable', 'step=11: proof unavailable', 'step=12: proof unavailable', 'step=13: proof unavailable', 'step=14: proof unavailable', 'step=15: proof unavailable', 'step=16: proof unavailable', 'step=17: proof unavailable', 'step=18: proof unavailable', 'step=19: proof unavailable', 'step=20: proof unavailable', 'step=21: proof unavailable', 'step=22: proof unavailable', 'step=23: proof unavailable', 'step=24: proof unavailable', 'step=25: proof unavailable', 'step=26: proof unavailable', 'step=27: proof unavailable', 'step=28: proof unavailable', 'step=29: proof unavailable', 'step=30: proof unavailable', 'step=31: proof unavailable', 'step=32: proof unavailable', 'step=33: proof unavailable', 'step=34: proof unavailable', 'step=35: proof unavailable', 'step=36: proof unavailable', 'step=37: proof unavailable', 'step=38: proof unavailable', 'step=39: proof unavailable', 'step=40: proof unavailable', 'step=41: proof unavailable', 'step=42: proof unavailable', 'step=43: proof unavailable', 'step=44: proof unavailable', 'step=45: proof unavailable', 'step=46: proof unavailable', 'step=47: proof unavailable', 'step=48: proof unavailable', 'step=49: proof unavailable', 'step=50: proof unavailable', 'step=51: proof unavailable', 'step=52: proof unavailable', 'step=53: proof unavailable', 'step=54: proof unavailable', 'step=55: proof unavailable', 'step=56: proof unavailable', 'step=57: proof unavailable', 'step=58: proof unavailable', 'step=59: proof unavailable']",fem_native_gpu,legacy_sparse,all_in_gpu_legacy_sparse,device_source_of_truth,True,True,,178,0,0,478.877503,26.245772,0,0,0,0,31296,178,True,52,156,2,162322,281,True,production_executable,2,True,False,True,legacy_sparse_gpu,device_hypre_poisson,device,device,,ceed-cuda:/gpu/cuda/shared,1,1,CG,airbox,robin,100.0,dipole,2.0,AMG,mfem_hypre_boomeramg,6,8,6,1,,,1e-12,,500,1,explicit,CG,AMG,1e-12,,500,1,9,3.9522809625505675e-14,0,,,,,,0.000000000000000e0,3.967979742398853e4,2.374294640965298e3,0.0,0.0,True,compute_hot_loop_host_sync_count=0;stage_exchange_device_resident=true,4
fem_gpu,box500_airbox_exchange_demag,heun,nonlinear_cg,fixed,/workspace/.fullmag/runtimes/fem-gpu-host/bin/fullmag-fem-gpu,64,1e-13,1,900.0,/workspace/.fullmag/runtimes/fem-gpu-variants/hypre-baseline-9377ad32bc08279eee8218b61007407974cd13e0c7599462f07abf05376db29a,9377ad32bc08279eee8218b61007407974cd13e0c7599462f07abf05376db29a,e04b5d6066cf058222f4a5b3623765542227eec5b287bbd9ef7c46df219b5afc,c936d6cc9add692d9b1178ea9d10f3bc8267d321f045370453c5f9f488741a64,study_domain,/workspace/examples/assets/box_40x20x10_coarse.mesh.json,coarse,52,149,96,0,0,True,/usr/bin/python3,gpu,1,1,CG,AMG,1e-12,,500,0,6,8,6,1,,,8000.0,nonlinear_cg,diagonal_mass,True,True,True,True,False,/workspace/backends/fem/gpu/cuda/integrators/rk/rk_adaptive_decision_readback.cu,,True,ffe9595b4f6b6fc44fab022e733f2fbf2457ee8189929859a7f137f65dd10f11,True,59,0.0,ok,0,2977.45,794,54,59,box500_airbox_exchange_demag,heun,nonlinear_cg,fixed,double,0.0,0.000000000000000e0,,,-1.9366597052673022e-17,9.244860956038435e-23,-1.963678773782203e-17,2.70098236539445e-19,0.0,0.0,torque,7506.800659860569,0.00943332392199239,1.1102230246251565e-16,True,37.276535,0.058368,10.775101,0.008192,10.670589,0.0,10.670589,True,0.032768,0.063552,0.0,0.0,0.0,diagonal_mass,0,0.0,0.169243,0,0,2,118,1,False,,,,,0,59,"['step=1: proof unavailable', 'step=2: proof unavailable', 'step=3: proof unavailable', 'step=4: proof unavailable', 'step=5: proof unavailable', 'step=6: proof unavailable', 'step=7: proof unavailable', 'step=8: proof unavailable', 'step=9: proof unavailable', 'step=10: proof unavailable', 'step=11: proof unavailable', 'step=12: proof unavailable', 'step=13: proof unavailable', 'step=14: proof unavailable', 'step=15: proof unavailable', 'step=16: proof unavailable', 'step=17: proof unavailable', 'step=18: proof unavailable', 'step=19: proof unavailable', 'step=20: proof unavailable', 'step=21: proof unavailable', 'step=22: proof unavailable', 'step=23: proof unavailable', 'step=24: proof unavailable', 'step=25: proof unavailable', 'step=26: proof unavailable', 'step=27: proof unavailable', 'step=28: proof unavailable', 'step=29: proof unavailable', 'step=30: proof unavailable', 'step=31: proof unavailable', 'step=32: proof unavailable', 'step=33: proof unavailable', 'step=34: proof unavailable', 'step=35: proof unavailable', 'step=36: proof unavailable', 'step=37: proof unavailable', 'step=38: proof unavailable', 'step=39: proof unavailable', 'step=40: proof unavailable', 'step=41: proof unavailable', 'step=42: proof unavailable', 'step=43: proof unavailable', 'step=44: proof unavailable', 'step=45: proof unavailable', 'step=46: proof unavailable', 'step=47: proof unavailable', 'step=48: proof unavailable', 'step=49: proof unavailable', 'step=50: proof unavailable', 'step=51: proof unavailable', 'step=52: proof unavailable', 'step=53: proof unavailable', 'step=54: proof unavailable', 'step=55: proof unavailable', 'step=56: proof unavailable', 'step=57: proof unavailable', 'step=58: proof unavailable', 'step=59: proof unavailable']",fem_native_gpu,legacy_sparse,all_in_gpu_legacy_sparse,device_source_of_truth,True,True,,178,0,0,480.001669,22.163797,0,0,0,0,31296,178,True,52,156,2,162322,281,True,production_executable,2,True,False,True,legacy_sparse_gpu,device_hypre_poisson,device,device,,ceed-cuda:/gpu/cuda/shared,1,1,CG,airbox,robin,100.0,dipole,2.0,AMG,mfem_hypre_boomeramg,6,8,6,1,,,1e-12,,500,1,explicit,CG,AMG,1e-12,,500,1,9,3.9522809625505675e-14,0,,,,,,0.000000000000000e0,3.967979742398853e4,2.374294640965298e3,0.0,0.0,True,compute_hot_loop_host_sync_count=0;stage_exchange_device_resident=true,4
fem_gpu,box500_airbox_exchange_demag,heun,nonlinear_cg,fixed,/workspace/.fullmag/runtimes/fem-gpu-host/bin/fullmag-fem-gpu,64,1e-13,1,900.0,/workspace/.fullmag/runtimes/fem-gpu-variants/hypre-baseline-9377ad32bc08279eee8218b61007407974cd13e0c7599462f07abf05376db29a,9377ad32bc08279eee8218b61007407974cd13e0c7599462f07abf05376db29a,e04b5d6066cf058222f4a5b3623765542227eec5b287bbd9ef7c46df219b5afc,c936d6cc9add692d9b1178ea9d10f3bc8267d321f045370453c5f9f488741a64,study_domain,/workspace/examples/assets/box_40x20x10_coarse.mesh.json,coarse,52,149,96,0,0,True,/usr/bin/python3,gpu,1,1,CG,AMG,1e-12,,500,0,6,8,6,1,,,8000.0,nonlinear_cg,lumped_exchange_mass_cg4,True,True,True,True,False,/workspace/backends/fem/gpu/cuda/integrators/rk/rk_adaptive_decision_readback.cu,,True,ffe9595b4f6b6fc44fab022e733f2fbf2457ee8189929859a7f137f65dd10f11,True,59,0.0,ok,0,3373.202,794,54,59,box500_airbox_exchange_demag,heun,nonlinear_cg,fixed,double,0.0,0.000000000000000e0,,,-1.9366597715620507e-17,9.207107672901255e-23,-1.9636788694962788e-17,2.7009890826555142e-19,0.0,0.0,torque,7509.46652702224,0.009436673949468611,2.220446049250313e-16,True,41.01794,0.039936,11.953053,0.008192,11.891613,0.0,11.891613,True,0.039936,0.013312,0.0,0.0,0.0,lumped_exchange_mass_cg4,4,1e-06,1.395488,117,1,2,118,1,False,,,,,0,59,"['step=1: proof unavailable', 'step=2: proof unavailable', 'step=3: proof unavailable', 'step=4: proof unavailable', 'step=5: proof unavailable', 'step=6: proof unavailable', 'step=7: proof unavailable', 'step=8: proof unavailable', 'step=9: proof unavailable', 'step=10: proof unavailable', 'step=11: proof unavailable', 'step=12: proof unavailable', 'step=13: proof unavailable', 'step=14: proof unavailable', 'step=15: proof unavailable', 'step=16: proof unavailable', 'step=17: proof unavailable', 'step=18: proof unavailable', 'step=19: proof unavailable', 'step=20: proof unavailable', 'step=21: proof unavailable', 'step=22: proof unavailable', 'step=23: proof unavailable', 'step=24: proof unavailable', 'step=25: proof unavailable', 'step=26: proof unavailable', 'step=27: proof unavailable', 'step=28: proof unavailable', 'step=29: proof unavailable', 'step=30: proof unavailable', 'step=31: proof unavailable', 'step=32: proof unavailable', 'step=33: proof unavailable', 'step=34: proof unavailable', 'step=35: proof unavailable', 'step=36: proof unavailable', 'step=37: proof unavailable', 'step=38: proof unavailable', 'step=39: proof unavailable', 'step=40: proof unavailable', 'step=41: proof unavailable', 'step=42: proof unavailable', 'step=43: proof unavailable', 'step=44: proof unavailable', 'step=45: proof unavailable', 'step=46: proof unavailable', 'step=47: proof unavailable', 'step=48: proof unavailable', 'step=49: proof unavailable', 'step=50: proof unavailable', 'step=51: proof unavailable', 'step=52: proof unavailable', 'step=53: proof unavailable', 'step=54: proof unavailable', 'step=55: proof unavailable', 'step=56: proof unavailable', 'step=57: proof unavailable', 'step=58: proof unavailable', 'step=59: proof unavailable']",fem_native_gpu,legacy_sparse,all_in_gpu_legacy_sparse,device_source_of_truth,True,True,,178,0,0,590.745368,22.66933,0,0,0,0,31296,178,True,52,156,2,162322,281,True,production_executable,2,True,False,True,legacy_sparse_gpu,device_hypre_poisson,device,device,,ceed-cuda:/gpu/cuda/shared,1,1,CG,airbox,robin,100.0,dipole,2.0,AMG,mfem_hypre_boomeramg,6,8,6,1,,,1e-12,,500,1,explicit,CG,AMG,1e-12,,500,1,9,3.952276780879238e-14,0,,,,,,0.000000000000000e0,3.967924083857984e4,2.374292776249348e3,0.0,0.0,True,compute_hot_loop_host_sync_count=0;stage_exchange_device_resident=true,4
fem_gpu,box500_airbox_exchange_demag,heun,nonlinear_cg,fixed,/workspace/.fullmag/runtimes/fem-gpu-host/bin/fullmag-fem-gpu,64,1e-13,1,900.0,/workspace/.fullmag/runtimes/fem-gpu-variants/hypre-baseline-9377ad32bc08279eee8218b61007407974cd13e0c7599462f07abf05376db29a,9377ad32bc08279eee8218b61007407974cd13e0c7599462f07abf05376db29a,e04b5d6066cf058222f4a5b3623765542227eec5b287bbd9ef7c46df219b5afc,c936d6cc9add692d9b1178ea9d10f3bc8267d321f045370453c5f9f488741a64,study_domain,/workspace/examples/assets/box_40x20x10_coarse.mesh.json,coarse,52,149,96,0,0,True,/usr/bin/python3,gpu,1,1,CG,AMG,1e-12,,500,0,6,8,6,1,,,8000.0,nonlinear_cg,lumped_exchange_mass_cg8,True,True,True,True,False,/workspace/backends/fem/gpu/cuda/integrators/rk/rk_adaptive_decision_readback.cu,,True,ffe9595b4f6b6fc44fab022e733f2fbf2457ee8189929859a7f137f65dd10f11,True,59,0.0,ok,0,3361.721,794,54,59,box500_airbox_exchange_demag,heun,nonlinear_cg,fixed,double,0.0,0.000000000000000e0,,,-1.9366597715469376e-17,9.20710800618512e-23,-1.9636788694820658e-17,2.7009890827122184e-19,0.0,0.0,torque,7509.466407983904,0.009436673799880627,1.1102230246251565e-16,True,46.705238,0.022528,12.56203,0.006144,12.494606,0.0,12.494606,True,0.0408,0.02048,0.0,0.0,0.0,lumped_exchange_mass_cg8,8,1e-06,2.553527,117,1,2,118,1,False,,,,,0,59,"['step=1: proof unavailable', 'step=2: proof unavailable', 'step=3: proof unavailable', 'step=4: proof unavailable', 'step=5: proof unavailable', 'step=6: proof unavailable', 'step=7: proof unavailable', 'step=8: proof unavailable', 'step=9: proof unavailable', 'step=10: proof unavailable', 'step=11: proof unavailable', 'step=12: proof unavailable', 'step=13: proof unavailable', 'step=14: proof unavailable', 'step=15: proof unavailable', 'step=16: proof unavailable', 'step=17: proof unavailable', 'step=18: proof unavailable', 'step=19: proof unavailable', 'step=20: proof unavailable', 'step=21: proof unavailable', 'step=22: proof unavailable', 'step=23: proof unavailable', 'step=24: proof unavailable', 'step=25: proof unavailable', 'step=26: proof unavailable', 'step=27: proof unavailable', 'step=28: proof unavailable', 'step=29: proof unavailable', 'step=30: proof unavailable', 'step=31: proof unavailable', 'step=32: proof unavailable', 'step=33: proof unavailable', 'step=34: proof unavailable', 'step=35: proof unavailable', 'step=36: proof unavailable', 'step=37: proof unavailable', 'step=38: proof unavailable', 'step=39: proof unavailable', 'step=40: proof unavailable', 'step=41: proof unavailable', 'step=42: proof unavailable', 'step=43: proof unavailable', 'step=44: proof unavailable', 'step=45: proof unavailable', 'step=46: proof unavailable', 'step=47: proof unavailable', 'step=48: proof unavailable', 'step=49: proof unavailable', 'step=50: proof unavailable', 'step=51: proof unavailable', 'step=52: proof unavailable', 'step=53: proof unavailable', 'step=54: proof unavailable', 'step=55: proof unavailable', 'step=56: proof unavailable', 'step=57: proof unavailable', 'step=58: proof unavailable', 'step=59: proof unavailable']",fem_native_gpu,legacy_sparse,all_in_gpu_legacy_sparse,device_source_of_truth,True,True,,178,0,0,518.855591,22.469421,0,0,0,0,31296,178,True,52,156,2,162322,281,True,production_executable,2,True,False,True,legacy_sparse_gpu,device_hypre_poisson,device,device,,ceed-cuda:/gpu/cuda/shared,1,1,CG,airbox,robin,100.0,dipole,2.0,AMG,mfem_hypre_boomeramg,6,8,6,1,,,1e-12,,500,1,explicit,CG,AMG,1e-12,,500,1,9,3.952276779241244e-14,0,,,,,,0.000000000000000e0,3.967924083936493e4,2.374292777194809e3,0.0,0.0,True,compute_hot_loop_host_sync_count=0;stage_exchange_device_resident=true,4
fem_gpu,box500_airbox_exchange_demag,heun,nonlinear_cg,fixed,/workspace/.fullmag/runtimes/fem-gpu-host/bin/fullmag-fem-gpu,64,1e-13,1,900.0,/workspace/.fullmag/runtimes/fem-gpu-variants/hypre-baseline-9377ad32bc08279eee8218b61007407974cd13e0c7599462f07abf05376db29a,9377ad32bc08279eee8218b61007407974cd13e0c7599462f07abf05376db29a,e04b5d6066cf058222f4a5b3623765542227eec5b287bbd9ef7c46df219b5afc,c936d6cc9add692d9b1178ea9d10f3bc8267d321f045370453c5f9f488741a64,study_domain,/workspace/examples/assets/box_40x20x10_coarse.mesh.json,coarse,52,149,96,0,0,True,/usr/bin/python3,gpu,1,1,CG,AMG,1e-12,,500,0,6,8,6,1,,,8000.0,nonlinear_cg,stagnation_triggered_cg8,True,True,True,True,False,/workspace/backends/fem/gpu/cuda/integrators/rk/rk_adaptive_decision_readback.cu,,True,ffe9595b4f6b6fc44fab022e733f2fbf2457ee8189929859a7f137f65dd10f11,True,59,0.0,ok,0,2942.511,794,54,59,box500_airbox_exchange_demag,heun,nonlinear_cg,fixed,double,0.0,0.000000000000000e0,,,-1.9366597009535904e-17,9.245328818777329e-23,-1.9636787707417246e-17,2.7009824459315313e-19,0.0,0.0,torque,7506.820510254027,0.009433348866732494,1.1102230246251565e-16,True,39.207492,0.018432,11.109548,0.019392,11.027692,0.0,11.027692,True,0.04096,0.021504,0.0,0.0,0.0,stagnation_triggered_cg8,0,0.0,0.0,1,1,2,118,1,False,,,,,0,59,"['step=1: proof unavailable', 'step=2: proof unavailable', 'step=3: proof unavailable', 'step=4: proof unavailable', 'step=5: proof unavailable', 'step=6: proof unavailable', 'step=7: proof unavailable', 'step=8: proof unavailable', 'step=9: proof unavailable', 'step=10: proof unavailable', 'step=11: proof unavailable', 'step=12: proof unavailable', 'step=13: proof unavailable', 'step=14: proof unavailable', 'step=15: proof unavailable', 'step=16: proof unavailable', 'step=17: proof unavailable', 'step=18: proof unavailable', 'step=19: proof unavailable', 'step=20: proof unavailable', 'step=21: proof unavailable', 'step=22: proof unavailable', 'step=23: proof unavailable', 'step=24: proof unavailable', 'step=25: proof unavailable', 'step=26: proof unavailable', 'step=27: proof unavailable', 'step=28: proof unavailable', 'step=29: proof unavailable', 'step=30: proof unavailable', 'step=31: proof unavailable', 'step=32: proof unavailable', 'step=33: proof unavailable', 'step=34: proof unavailable', 'step=35: proof unavailable', 'step=36: proof unavailable', 'step=37: proof unavailable', 'step=38: proof unavailable', 'step=39: proof unavailable', 'step=40: proof unavailable', 'step=41: proof unavailable', 'step=42: proof unavailable', 'step=43: proof unavailable', 'step=44: proof unavailable', 'step=45: proof unavailable', 'step=46: proof unavailable', 'step=47: proof unavailable', 'step=48: proof unavailable', 'step=49: proof unavailable', 'step=50: proof unavailable', 'step=51: proof unavailable', 'step=52: proof unavailable', 'step=53: proof unavailable', 'step=54: proof unavailable', 'step=55: proof unavailable', 'step=56: proof unavailable', 'step=57: proof unavailable', 'step=58: proof unavailable', 'step=59: proof unavailable']",fem_native_gpu,legacy_sparse,all_in_gpu_legacy_sparse,device_source_of_truth,True,True,,178,0,0,474.279015,22.3569,0,0,0,0,31296,178,True,52,156,2,162322,281,True,production_executable,2,True,False,True,legacy_sparse_gpu,device_hypre_poisson,device,device,,ceed-cuda:/gpu/cuda/shared,1,1,CG,airbox,robin,100.0,dipole,2.0,AMG,mfem_hypre_boomeramg,6,8,6,1,,,1e-12,,500,1,explicit,CG,AMG,1e-12,,500,1,9,3.952280924465789e-14,0,,,,,,0.000000000000000e0,3.967979717767592e4,2.374294625946113e3,0.0,0.0,True,compute_hot_loop_host_sync_count=0;stage_exchange_device_resident=true,4
fem_gpu,box500_airbox_exchange_demag,heun,nonlinear_cg,fixed,/workspace/.fullmag/runtimes/fem-gpu-host/bin/fullmag-fem-gpu,64,1e-13,1,900.0,/workspace/.fullmag/runtimes/fem-gpu-variants/hypre-baseline-9377ad32bc08279eee8218b61007407974cd13e0c7599462f07abf05376db29a,9377ad32bc08279eee8218b61007407974cd13e0c7599462f07abf05376db29a,e04b5d6066cf058222f4a5b3623765542227eec5b287bbd9ef7c46df219b5afc,c936d6cc9add692d9b1178ea9d10f3bc8267d321f045370453c5f9f488741a64,study_domain,/workspace/examples/assets/bench_box_200x50x10nm.mesh.json,medium,153,473,280,0,0,True,/usr/bin/python3,gpu,1,1,CG,AMG,1e-12,,500,0,6,8,6,1,,,8000.0,nonlinear_cg,none,True,True,True,True,False,/workspace/backends/fem/gpu/cuda/integrators/rk/rk_adaptive_decision_readback.cu,,True,085353a503c3377a241c56a4dda85ee23e3673e45c24fd6d6d6cb5892a4b9a1e,True,60,0.0,ok,0,4035.55,807,54,60,box500_airbox_exchange_demag,heun,nonlinear_cg,fixed,double,0.0,0.000000000000000e0,,,-1.8963252908532273e-17,5.855038348521069e-22,-1.9616592526374063e-17,6.527541140069387e-19,0.0,0.0,torque,7536.254347902778,0.009470336517982202,2.220446049250313e-16,True,76.789367,0.103424,29.960017,0.012288,29.854353,0.0,29.854353,True,0.037888,0.055488,0.0,0.0,0.0,none,0,0.0,0.0,0,0,2,120,1,False,,,,,0,60,"['step=1: proof unavailable', 'step=2: proof unavailable', 'step=3: proof unavailable', 'step=4: proof unavailable', 'step=5: proof unavailable', 'step=6: proof unavailable', 'step=7: proof unavailable', 'step=8: proof unavailable', 'step=9: proof unavailable', 'step=10: proof unavailable', 'step=11: proof unavailable', 'step=12: proof unavailable', 'step=13: proof unavailable', 'step=14: proof unavailable', 'step=15: proof unavailable', 'step=16: proof unavailable', 'step=17: proof unavailable', 'step=18: proof unavailable', 'step=19: proof unavailable', 'step=20: proof unavailable', 'step=21: proof unavailable', 'step=22: proof unavailable', 'step=23: proof unavailable', 'step=24: proof unavailable', 'step=25: proof unavailable', 'step=26: proof unavailable', 'step=27: proof unavailable', 'step=28: proof unavailable', 'step=29: proof unavailable', 'step=30: proof unavailable', 'step=31: proof unavailable', 'step=32: proof unavailable', 'step=33: proof unavailable', 'step=34: proof unavailable', 'step=35: proof unavailable', 'step=36: proof unavailable', 'step=37: proof unavailable', 'step=38: proof unavailable', 'step=39: proof unavailable', 'step=40: proof unavailable', 'step=41: proof unavailable', 'step=42: proof unavailable', 'step=43: proof unavailable', 'step=44: proof unavailable', 'step=45: proof unavailable', 'step=46: proof unavailable', 'step=47: proof unavailable', 'step=48: proof unavailable', 'step=49: proof unavailable', 'step=50: proof unavailable', 'step=51: proof unavailable', 'step=52: proof unavailable', 'step=53: proof unavailable', 'step=54: proof unavailable', 'step=55: proof unavailable', 'step=56: proof unavailable', 'step=57: proof unavailable', 'step=58: proof unavailable', 'step=59: proof unavailable', 'step=60: proof unavailable']",fem_native_gpu,legacy_sparse,all_in_gpu_legacy_sparse,device_source_of_truth,True,True,,181,0,0,504.570362,55.403631,0,0,0,0,31824,181,True,153,459,2,495059,281,True,production_executable,2,True,False,True,legacy_sparse_gpu,device_hypre_poisson,device,device,,ceed-cuda:/gpu/cuda/shared,1,1,CG,airbox,robin,100.0,dipole,2.0,AMG,mfem_hypre_boomeramg,6,8,6,1,,,1e-12,,500,1,explicit,CG,AMG,1e-12,,500,1,15,3.18577492440427e-13,0,,,,,,0.000000000000000e0,3.961587170360798e4,6.889017594302506e3,0.0,0.0,True,compute_hot_loop_host_sync_count=0;stage_exchange_device_resident=true,0
fem_gpu,box500_airbox_exchange_demag,heun,nonlinear_cg,fixed,/workspace/.fullmag/runtimes/fem-gpu-host/bin/fullmag-fem-gpu,64,1e-13,1,900.0,/workspace/.fullmag/runtimes/fem-gpu-variants/hypre-baseline-9377ad32bc08279eee8218b61007407974cd13e0c7599462f07abf05376db29a,9377ad32bc08279eee8218b61007407974cd13e0c7599462f07abf05376db29a,e04b5d6066cf058222f4a5b3623765542227eec5b287bbd9ef7c46df219b5afc,c936d6cc9add692d9b1178ea9d10f3bc8267d321f045370453c5f9f488741a64,study_domain,/workspace/examples/assets/bench_box_200x50x10nm.mesh.json,medium,153,473,280,0,0,True,/usr/bin/python3,gpu,1,1,CG,AMG,1e-12,,500,0,6,8,6,1,,,8000.0,nonlinear_cg,diagonal_mass,True,True,True,True,False,/workspace/backends/fem/gpu/cuda/integrators/rk/rk_adaptive_decision_readback.cu,,True,085353a503c3377a241c56a4dda85ee23e3673e45c24fd6d6d6cb5892a4b9a1e,True,60,0.0,ok,0,4280.824,807,54,60,box500_airbox_exchange_demag,heun,nonlinear_cg,fixed,double,0.0,0.000000000000000e0,,,-1.8963252908532273e-17,5.855038348521069e-22,-1.9616592526374063e-17,6.527541140069387e-19,0.0,0.0,torque,7536.254347902778,0.009470336517982202,2.220446049250313e-16,True,79.011994,0.078848,26.609621,0.011264,26.547157,0.0,26.547157,True,0.037888,0.013312,0.0,0.0,0.0,diagonal_mass,0,0.0,0.120659,0,0,2,120,1,False,,,,,0,60,"['step=1: proof unavailable', 'step=2: proof unavailable', 'step=3: proof unavailable', 'step=4: proof unavailable', 'step=5: proof unavailable', 'step=6: proof unavailable', 'step=7: proof unavailable', 'step=8: proof unavailable', 'step=9: proof unavailable', 'step=10: proof unavailable', 'step=11: proof unavailable', 'step=12: proof unavailable', 'step=13: proof unavailable', 'step=14: proof unavailable', 'step=15: proof unavailable', 'step=16: proof unavailable', 'step=17: proof unavailable', 'step=18: proof unavailable', 'step=19: proof unavailable', 'step=20: proof unavailable', 'step=21: proof unavailable', 'step=22: proof unavailable', 'step=23: proof unavailable', 'step=24: proof unavailable', 'step=25: proof unavailable', 'step=26: proof unavailable', 'step=27: proof unavailable', 'step=28: proof unavailable', 'step=29: proof unavailable', 'step=30: proof unavailable', 'step=31: proof unavailable', 'step=32: proof unavailable', 'step=33: proof unavailable', 'step=34: proof unavailable', 'step=35: proof unavailable', 'step=36: proof unavailable', 'step=37: proof unavailable', 'step=38: proof unavailable', 'step=39: proof unavailable', 'step=40: proof unavailable', 'step=41: proof unavailable', 'step=42: proof unavailable', 'step=43: proof unavailable', 'step=44: proof unavailable', 'step=45: proof unavailable', 'step=46: proof unavailable', 'step=47: proof unavailable', 'step=48: proof unavailable', 'step=49: proof unavailable', 'step=50: proof unavailable', 'step=51: proof unavailable', 'step=52: proof unavailable', 'step=53: proof unavailable', 'step=54: proof unavailable', 'step=55: proof unavailable', 'step=56: proof unavailable', 'step=57: proof unavailable', 'step=58: proof unavailable', 'step=59: proof unavailable', 'step=60: proof unavailable']",fem_native_gpu,legacy_sparse,all_in_gpu_legacy_sparse,device_source_of_truth,True,True,,181,0,0,563.887341,56.54298,0,0,0,0,31824,181,True,153,459,2,495059,281,True,production_executable,2,True,False,True,legacy_sparse_gpu,device_hypre_poisson,device,device,,ceed-cuda:/gpu/cuda/shared,1,1,CG,airbox,robin,100.0,dipole,2.0,AMG,mfem_hypre_boomeramg,6,8,6,1,,,1e-12,,500,1,explicit,CG,AMG,1e-12,,500,1,15,3.18577492440427e-13,0,,,,,,0.000000000000000e0,3.961587170360798e4,6.889017594302506e3,0.0,0.0,True,compute_hot_loop_host_sync_count=0;stage_exchange_device_resident=true,0
fem_gpu,box500_airbox_exchange_demag,heun,nonlinear_cg,fixed,/workspace/.fullmag/runtimes/fem-gpu-host/bin/fullmag-fem-gpu,64,1e-13,1,900.0,/workspace/.fullmag/runtimes/fem-gpu-variants/hypre-baseline-9377ad32bc08279eee8218b61007407974cd13e0c7599462f07abf05376db29a,9377ad32bc08279eee8218b61007407974cd13e0c7599462f07abf05376db29a,e04b5d6066cf058222f4a5b3623765542227eec5b287bbd9ef7c46df219b5afc,c936d6cc9add692d9b1178ea9d10f3bc8267d321f045370453c5f9f488741a64,study_domain,/workspace/examples/assets/bench_box_200x50x10nm.mesh.json,medium,153,473,280,0,0,True,/usr/bin/python3,gpu,1,1,CG,AMG,1e-12,,500,0,6,8,6,1,,,8000.0,nonlinear_cg,lumped_exchange_mass_cg4,True,True,True,True,False,/workspace/backends/fem/gpu/cuda/integrators/rk/rk_adaptive_decision_readback.cu,,True,085353a503c3377a241c56a4dda85ee23e3673e45c24fd6d6d6cb5892a4b9a1e,True,64,0.0,ok,0,4437.31,851,52,64,box500_airbox_exchange_demag,heun,nonlinear_cg,fixed,double,0.0,0.000000000000000e0,,,-1.9057304297251148e-17,5.161744571660033e-22,-1.9715021055939015e-17,6.572005842307e-19,0.0,0.0,torque,7605.254724310347,0.009557044948228982,2.220446049250313e-16,True,71.91176,0.089088,28.876492,0.014336,28.772076,0.0,28.772076,True,0.035808,0.054272,0.0,0.0,0.0,lumped_exchange_mass_cg4,4,1e-06,1.239235,127,1,2,128,1,False,,,,,0,64,"['step=1: proof unavailable', 'step=2: proof unavailable', 'step=3: proof unavailable', 'step=4: proof unavailable', 'step=5: proof unavailable', 'step=6: proof unavailable', 'step=7: proof unavailable', 'step=8: proof unavailable', 'step=9: proof unavailable', 'step=10: proof unavailable', 'step=11: proof unavailable', 'step=12: proof unavailable', 'step=13: proof unavailable', 'step=14: proof unavailable', 'step=15: proof unavailable', 'step=16: proof unavailable', 'step=17: proof unavailable', 'step=18: proof unavailable', 'step=19: proof unavailable', 'step=20: proof unavailable', 'step=21: proof unavailable', 'step=22: proof unavailable', 'step=23: proof unavailable', 'step=24: proof unavailable', 'step=25: proof unavailable', 'step=26: proof unavailable', 'step=27: proof unavailable', 'step=28: proof unavailable', 'step=29: proof unavailable', 'step=30: proof unavailable', 'step=31: proof unavailable', 'step=32: proof unavailable', 'step=33: proof unavailable', 'step=34: proof unavailable', 'step=35: proof unavailable', 'step=36: proof unavailable', 'step=37: proof unavailable', 'step=38: proof unavailable', 'step=39: proof unavailable', 'step=40: proof unavailable', 'step=41: proof unavailable', 'step=42: proof unavailable', 'step=43: proof unavailable', 'step=44: proof unavailable', 'step=45: proof unavailable', 'step=46: proof unavailable', 'step=47: proof unavailable', 'step=48: proof unavailable', 'step=49: proof unavailable', 'step=50: proof unavailable', 'step=51: proof unavailable', 'step=52: proof unavailable', 'step=53: proof unavailable', 'step=54: proof unavailable', 'step=55: proof unavailable', 'step=56: proof unavailable', 'step=57: proof unavailable', 'step=58: proof unavailable', 'step=59: proof unavailable', 'step=60: proof unavailable', 'step=61: proof unavailable', 'step=62: proof unavailable', 'step=63: proof unavailable', 'step=64: proof unavailable']",fem_native_gpu,legacy_sparse,all_in_gpu_legacy_sparse,device_source_of_truth,True,True,,193,0,0,525.727791,63.631672,0,0,0,0,33936,193,True,153,459,2,495059,281,True,production_executable,2,True,False,True,legacy_sparse_gpu,device_hypre_poisson,device,device,,ceed-cuda:/gpu/cuda/shared,1,1,CG,airbox,robin,100.0,dipole,2.0,AMG,mfem_hypre_boomeramg,6,8,6,1,,,1e-12,,500,1,explicit,CG,AMG,1e-12,,500,1,15,3.1861456207666457e-13,0,,,,,,0.000000000000000e0,3.971133979166950e4,6.914439490817257e3,0.0,0.0,True,compute_hot_loop_host_sync_count=0;stage_exchange_device_resident=true,0
fem_gpu,box500_airbox_exchange_demag,heun,nonlinear_cg,fixed,/workspace/.fullmag/runtimes/fem-gpu-host/bin/fullmag-fem-gpu,64,1e-13,1,900.0,/workspace/.fullmag/runtimes/fem-gpu-variants/hypre-baseline-9377ad32bc08279eee8218b61007407974cd13e0c7599462f07abf05376db29a,9377ad32bc08279eee8218b61007407974cd13e0c7599462f07abf05376db29a,e04b5d6066cf058222f4a5b3623765542227eec5b287bbd9ef7c46df219b5afc,c936d6cc9add692d9b1178ea9d10f3bc8267d321f045370453c5f9f488741a64,study_domain,/workspace/examples/assets/bench_box_200x50x10nm.mesh.json,medium,153,473,280,0,0,True,/usr/bin/python3,gpu,1,1,CG,AMG,1e-12,,500,0,6,8,6,1,,,8000.0,nonlinear_cg,lumped_exchange_mass_cg8,True,True,True,True,False,/workspace/backends/fem/gpu/cuda/integrators/rk/rk_adaptive_decision_readback.cu,,True,085353a503c3377a241c56a4dda85ee23e3673e45c24fd6d6d6cb5892a4b9a1e,True,60,0.0,ok,0,4259.789,807,54,60,box500_airbox_exchange_demag,heun,nonlinear_cg,fixed,double,0.0,0.000000000000000e0,,,-1.8963232389050425e-17,5.883754518754821e-22,-1.961657563937504e-17,6.52754874872738e-19,0.0,0.0,torque,7552.357622107798,0.009490572489158695,2.220446049250313e-16,True,71.696715,0.0224,26.545926,0.01024,26.44439,0.0,26.44439,True,0.031744,0.059552,0.0,0.0,0.0,lumped_exchange_mass_cg8,8,1e-06,2.474215,119,1,2,120,1,False,,,,,0,60,"['step=1: proof unavailable', 'step=2: proof unavailable', 'step=3: proof unavailable', 'step=4: proof unavailable', 'step=5: proof unavailable', 'step=6: proof unavailable', 'step=7: proof unavailable', 'step=8: proof unavailable', 'step=9: proof unavailable', 'step=10: proof unavailable', 'step=11: proof unavailable', 'step=12: proof unavailable', 'step=13: proof unavailable', 'step=14: proof unavailable', 'step=15: proof unavailable', 'step=16: proof unavailable', 'step=17: proof unavailable', 'step=18: proof unavailable', 'step=19: proof unavailable', 'step=20: proof unavailable', 'step=21: proof unavailable', 'step=22: proof unavailable', 'step=23: proof unavailable', 'step=24: proof unavailable', 'step=25: proof unavailable', 'step=26: proof unavailable', 'step=27: proof unavailable', 'step=28: proof unavailable', 'step=29: proof unavailable', 'step=30: proof unavailable', 'step=31: proof unavailable', 'step=32: proof unavailable', 'step=33: proof unavailable', 'step=34: proof unavailable', 'step=35: proof unavailable', 'step=36: proof unavailable', 'step=37: proof unavailable', 'step=38: proof unavailable', 'step=39: proof unavailable', 'step=40: proof unavailable', 'step=41: proof unavailable', 'step=42: proof unavailable', 'step=43: proof unavailable', 'step=44: proof unavailable', 'step=45: proof unavailable', 'step=46: proof unavailable', 'step=47: proof unavailable', 'step=48: proof unavailable', 'step=49: proof unavailable', 'step=50: proof unavailable', 'step=51: proof unavailable', 'step=52: proof unavailable', 'step=53: proof unavailable', 'step=54: proof unavailable', 'step=55: proof unavailable', 'step=56: proof unavailable', 'step=57: proof unavailable', 'step=58: proof unavailable', 'step=59: proof unavailable', 'step=60: proof unavailable']",fem_native_gpu,legacy_sparse,all_in_gpu_legacy_sparse,device_source_of_truth,True,True,,181,0,0,541.325621,58.307017,0,0,0,0,31824,181,True,153,459,2,495059,281,True,production_executable,2,True,False,True,legacy_sparse_gpu,device_hypre_poisson,device,device,,ceed-cuda:/gpu/cuda/shared,1,1,CG,airbox,robin,100.0,dipole,2.0,AMG,mfem_hypre_boomeramg,6,8,6,1,,,1e-12,,500,1,explicit,CG,AMG,1e-12,,500,1,15,3.1858271247384207e-13,0,,,,,,0.000000000000000e0,3.961154274762222e4,6.889108218972044e3,0.0,0.0,True,compute_hot_loop_host_sync_count=0;stage_exchange_device_resident=true,0
fem_gpu,box500_airbox_exchange_demag,heun,nonlinear_cg,fixed,/workspace/.fullmag/runtimes/fem-gpu-host/bin/fullmag-fem-gpu,64,1e-13,1,900.0,/workspace/.fullmag/runtimes/fem-gpu-variants/hypre-baseline-9377ad32bc08279eee8218b61007407974cd13e0c7599462f07abf05376db29a,9377ad32bc08279eee8218b61007407974cd13e0c7599462f07abf05376db29a,e04b5d6066cf058222f4a5b3623765542227eec5b287bbd9ef7c46df219b5afc,c936d6cc9add692d9b1178ea9d10f3bc8267d321f045370453c5f9f488741a64,study_domain,/workspace/examples/assets/bench_box_200x50x10nm.mesh.json,medium,153,473,280,0,0,True,/usr/bin/python3,gpu,1,1,CG,AMG,1e-12,,500,0,6,8,6,1,,,8000.0,nonlinear_cg,stagnation_triggered_cg8,True,True,True,True,False,/workspace/backends/fem/gpu/cuda/integrators/rk/rk_adaptive_decision_readback.cu,,True,085353a503c3377a241c56a4dda85ee23e3673e45c24fd6d6d6cb5892a4b9a1e,True,60,0.0,ok,0,3953.886,807,54,60,box500_airbox_exchange_demag,heun,nonlinear_cg,fixed,double,0.0,0.000000000000000e0,,,-1.8963252240580343e-17,5.856622274669094e-22,-1.9616591953043925e-17,6.52754050236115e-19,0.0,0.0,torque,7536.391990092294,0.009470509484258765,2.220446049250313e-16,True,77.314939,0.021504,28.992732,0.009216,28.865756,0.0,28.865756,True,0.04096,0.0768,0.0,0.0,0.0,stagnation_triggered_cg8,0,0.0,0.0,1,1,2,120,1,False,,,,,0,60,"['step=1: proof unavailable', 'step=2: proof unavailable', 'step=3: proof unavailable', 'step=4: proof unavailable', 'step=5: proof unavailable', 'step=6: proof unavailable', 'step=7: proof unavailable', 'step=8: proof unavailable', 'step=9: proof unavailable', 'step=10: proof unavailable', 'step=11: proof unavailable', 'step=12: proof unavailable', 'step=13: proof unavailable', 'step=14: proof unavailable', 'step=15: proof unavailable', 'step=16: proof unavailable', 'step=17: proof unavailable', 'step=18: proof unavailable', 'step=19: proof unavailable', 'step=20: proof unavailable', 'step=21: proof unavailable', 'step=22: proof unavailable', 'step=23: proof unavailable', 'step=24: proof unavailable', 'step=25: proof unavailable', 'step=26: proof unavailable', 'step=27: proof unavailable', 'step=28: proof unavailable', 'step=29: proof unavailable', 'step=30: proof unavailable', 'step=31: proof unavailable', 'step=32: proof unavailable', 'step=33: proof unavailable', 'step=34: proof unavailable', 'step=35: proof unavailable', 'step=36: proof unavailable', 'step=37: proof unavailable', 'step=38: proof unavailable', 'step=39: proof unavailable', 'step=40: proof unavailable', 'step=41: proof unavailable', 'step=42: proof unavailable', 'step=43: proof unavailable', 'step=44: proof unavailable', 'step=45: proof unavailable', 'step=46: proof unavailable', 'step=47: proof unavailable', 'step=48: proof unavailable', 'step=49: proof unavailable', 'step=50: proof unavailable', 'step=51: proof unavailable', 'step=52: proof unavailable', 'step=53: proof unavailable', 'step=54: proof unavailable', 'step=55: proof unavailable', 'step=56: proof unavailable', 'step=57: proof unavailable', 'step=58: proof unavailable', 'step=59: proof unavailable', 'step=60: proof unavailable']",fem_native_gpu,legacy_sparse,all_in_gpu_legacy_sparse,device_source_of_truth,True,True,,181,0,0,571.41654,51.894717,0,0,0,0,31824,181,True,153,459,2,495059,281,True,production_executable,2,True,False,True,legacy_sparse_gpu,device_hypre_poisson,device,device,,ceed-cuda:/gpu/cuda/shared,1,1,CG,airbox,robin,100.0,dipole,2.0,AMG,mfem_hypre_boomeramg,6,8,6,1,,,1e-12,,500,1,explicit,CG,AMG,1e-12,,500,1,15,3.18577615345562e-13,0,,,,,,0.000000000000000e0,3.961584316681320e4,6.889019573761845e3,0.0,0.0,True,compute_hot_loop_host_sync_count=0;stage_exchange_device_resident=true,0
fem_gpu,box500_airbox_exchange_demag,heun,nonlinear_cg,fixed,/workspace/.fullmag/runtimes/fem-gpu-host/bin/fullmag-fem-gpu,64,1e-13,1,900.0,/workspace/.fullmag/runtimes/fem-gpu-variants/hypre-baseline-9377ad32bc08279eee8218b61007407974cd13e0c7599462f07abf05376db29a,9377ad32bc08279eee8218b61007407974cd13e0c7599462f07abf05376db29a,e04b5d6066cf058222f4a5b3623765542227eec5b287bbd9ef7c46df219b5afc,c936d6cc9add692d9b1178ea9d10f3bc8267d321f045370453c5f9f488741a64,study_domain,/workspace/examples/assets/bench_box_200x50x10nm.mesh.json,medium,153,473,280,0,0,True,/usr/bin/python3,gpu,1,1,CG,AMG,1e-12,,500,0,6,8,6,1,,,8000.0,nonlinear_cg,none,True,True,True,True,False,/workspace/backends/fem/gpu/cuda/integrators/rk/rk_adaptive_decision_readback.cu,,True,085353a503c3377a241c56a4dda85ee23e3673e45c24fd6d6d6cb5892a4b9a1e,True,60,0.0,ok,0,4420.916,807,54,60,box500_airbox_exchange_demag,heun,nonlinear_cg,fixed,double,0.0,0.000000000000000e0,,,-1.8963252908532273e-17,5.855038348521069e-22,-1.9616592526374063e-17,6.527541140069387e-19,0.0,0.0,torque,7536.254347902778,0.009470336517982202,2.220446049250313e-16,True,81.527523,0.0696,32.992626,0.012288,32.868851,0.0,32.868851,True,0.032639,0.078848,0.0,0.0,0.0,none,0,0.0,0.0,0,0,2,120,1,False,,,,,0,60,"['step=1: proof unavailable', 'step=2: proof unavailable', 'step=3: proof unavailable', 'step=4: proof unavailable', 'step=5: proof unavailable', 'step=6: proof unavailable', 'step=7: proof unavailable', 'step=8: proof unavailable', 'step=9: proof unavailable', 'step=10: proof unavailable', 'step=11: proof unavailable', 'step=12: proof unavailable', 'step=13: proof unavailable', 'step=14: proof unavailable', 'step=15: proof unavailable', 'step=16: proof unavailable', 'step=17: proof unavailable', 'step=18: proof unavailable', 'step=19: proof unavailable', 'step=20: proof unavailable', 'step=21: proof unavailable', 'step=22: proof unavailable', 'step=23: proof unavailable', 'step=24: proof unavailable', 'step=25: proof unavailable', 'step=26: proof unavailable', 'step=27: proof unavailable', 'step=28: proof unavailable', 'step=29: proof unavailable', 'step=30: proof unavailable', 'step=31: proof unavailable', 'step=32: proof unavailable', 'step=33: proof unavailable', 'step=34: proof unavailable', 'step=35: proof unavailable', 'step=36: proof unavailable', 'step=37: proof unavailable', 'step=38: proof unavailable', 'step=39: proof unavailable', 'step=40: proof unavailable', 'step=41: proof unavailable', 'step=42: proof unavailable', 'step=43: proof unavailable', 'step=44: proof unavailable', 'step=45: proof unavailable', 'step=46: proof unavailable', 'step=47: proof unavailable', 'step=48: proof unavailable', 'step=49: proof unavailable', 'step=50: proof unavailable', 'step=51: proof unavailable', 'step=52: proof unavailable', 'step=53: proof unavailable', 'step=54: proof unavailable', 'step=55: proof unavailable', 'step=56: proof unavailable', 'step=57: proof unavailable', 'step=58: proof unavailable', 'step=59: proof unavailable', 'step=60: proof unavailable']",fem_native_gpu,legacy_sparse,all_in_gpu_legacy_sparse,device_source_of_truth,True,True,,181,0,0,507.475551,62.563322,0,0,0,0,31824,181,True,153,459,2,495059,281,True,production_executable,2,True,False,True,legacy_sparse_gpu,device_hypre_poisson,device,device,,ceed-cuda:/gpu/cuda/shared,1,1,CG,airbox,robin,100.0,dipole,2.0,AMG,mfem_hypre_boomeramg,6,8,6,1,,,1e-12,,500,1,explicit,CG,AMG,1e-12,,500,1,15,3.18577492440427e-13,0,,,,,,0.000000000000000e0,3.961587170360798e4,6.889017594302506e3,0.0,0.0,True,compute_hot_loop_host_sync_count=0;stage_exchange_device_resident=true,1
fem_gpu,box500_airbox_exchange_demag,heun,nonlinear_cg,fixed,/workspace/.fullmag/runtimes/fem-gpu-host/bin/fullmag-fem-gpu,64,1e-13,1,900.0,/workspace/.fullmag/runtimes/fem-gpu-variants/hypre-baseline-9377ad32bc08279eee8218b61007407974cd13e0c7599462f07abf05376db29a,9377ad32bc08279eee8218b61007407974cd13e0c7599462f07abf05376db29a,e04b5d6066cf058222f4a5b3623765542227eec5b287bbd9ef7c46df219b5afc,c936d6cc9add692d9b1178ea9d10f3bc8267d321f045370453c5f9f488741a64,study_domain,/workspace/examples/assets/bench_box_200x50x10nm.mesh.json,medium,153,473,280,0,0,True,/usr/bin/python3,gpu,1,1,CG,AMG,1e-12,,500,0,6,8,6,1,,,8000.0,nonlinear_cg,diagonal_mass,True,True,True,True,False,/workspace/backends/fem/gpu/cuda/integrators/rk/rk_adaptive_decision_readback.cu,,True,085353a503c3377a241c56a4dda85ee23e3673e45c24fd6d6d6cb5892a4b9a1e,True,60,0.0,ok,0,4050.396,807,54,60,box500_airbox_exchange_demag,heun,nonlinear_cg,fixed,double,0.0,0.000000000000000e0,,,-1.8963252908532273e-17,5.855038348521069e-22,-1.9616592526374063e-17,6.527541140069387e-19,0.0,0.0,torque,7536.254347902778,0.009470336517982202,2.220446049250313e-16,True,78.800942,0.106496,31.578631,0.014336,31.516167,0.0,31.516167,True,0.036864,0.011264,0.0,0.0,0.0,diagonal_mass,0,0.0,0.141202,0,0,2,120,1,False,,,,,0,60,"['step=1: proof unavailable', 'step=2: proof unavailable', 'step=3: proof unavailable', 'step=4: proof unavailable', 'step=5: proof unavailable', 'step=6: proof unavailable', 'step=7: proof unavailable', 'step=8: proof unavailable', 'step=9: proof unavailable', 'step=10: proof unavailable', 'step=11: proof unavailable', 'step=12: proof unavailable', 'step=13: proof unavailable', 'step=14: proof unavailable', 'step=15: proof unavailable', 'step=16: proof unavailable', 'step=17: proof unavailable', 'step=18: proof unavailable', 'step=19: proof unavailable', 'step=20: proof unavailable', 'step=21: proof unavailable', 'step=22: proof unavailable', 'step=23: proof unavailable', 'step=24: proof unavailable', 'step=25: proof unavailable', 'step=26: proof unavailable', 'step=27: proof unavailable', 'step=28: proof unavailable', 'step=29: proof unavailable', 'step=30: proof unavailable', 'step=31: proof unavailable', 'step=32: proof unavailable', 'step=33: proof unavailable', 'step=34: proof unavailable', 'step=35: proof unavailable', 'step=36: proof unavailable', 'step=37: proof unavailable', 'step=38: proof unavailable', 'step=39: proof unavailable', 'step=40: proof unavailable', 'step=41: proof unavailable', 'step=42: proof unavailable', 'step=43: proof unavailable', 'step=44: proof unavailable', 'step=45: proof unavailable', 'step=46: proof unavailable', 'step=47: proof unavailable', 'step=48: proof unavailable', 'step=49: proof unavailable', 'step=50: proof unavailable', 'step=51: proof unavailable', 'step=52: proof unavailable', 'step=53: proof unavailable', 'step=54: proof unavailable', 'step=55: proof unavailable', 'step=56: proof unavailable', 'step=57: proof unavailable', 'step=58: proof unavailable', 'step=59: proof unavailable', 'step=60: proof unavailable']",fem_native_gpu,legacy_sparse,all_in_gpu_legacy_sparse,device_source_of_truth,True,True,,181,0,0,514.369341,53.773931,0,0,0,0,31824,181,True,153,459,2,495059,281,True,production_executable,2,True,False,True,legacy_sparse_gpu,device_hypre_poisson,device,device,,ceed-cuda:/gpu/cuda/shared,1,1,CG,airbox,robin,100.0,dipole,2.0,AMG,mfem_hypre_boomeramg,6,8,6,1,,,1e-12,,500,1,explicit,CG,AMG,1e-12,,500,1,15,3.18577492440427e-13,0,,,,,,0.000000000000000e0,3.961587170360798e4,6.889017594302506e3,0.0,0.0,True,compute_hot_loop_host_sync_count=0;stage_exchange_device_resident=true,1
fem_gpu,box500_airbox_exchange_demag,heun,nonlinear_cg,fixed,/workspace/.fullmag/runtimes/fem-gpu-host/bin/fullmag-fem-gpu,64,1e-13,1,900.0,/workspace/.fullmag/runtimes/fem-gpu-variants/hypre-baseline-9377ad32bc08279eee8218b61007407974cd13e0c7599462f07abf05376db29a,9377ad32bc08279eee8218b61007407974cd13e0c7599462f07abf05376db29a,e04b5d6066cf058222f4a5b3623765542227eec5b287bbd9ef7c46df219b5afc,c936d6cc9add692d9b1178ea9d10f3bc8267d321f045370453c5f9f488741a64,study_domain,/workspace/examples/assets/bench_box_200x50x10nm.mesh.json,medium,153,473,280,0,0,True,/usr/bin/python3,gpu,1,1,CG,AMG,1e-12,,500,0,6,8,6,1,,,8000.0,nonlinear_cg,lumped_exchange_mass_cg4,True,True,True,True,False,/workspace/backends/fem/gpu/cuda/integrators/rk/rk_adaptive_decision_readback.cu,,True,085353a503c3377a241c56a4dda85ee23e3673e45c24fd6d6d6cb5892a4b9a1e,True,64,0.0,ok,0,4209.194,851,52,64,box500_airbox_exchange_demag,heun,nonlinear_cg,fixed,double,0.0,0.000000000000000e0,,,-1.9057304297251148e-17,5.161744571660033e-22,-1.9715021055939015e-17,6.572005842307e-19,0.0,0.0,torque,7605.254724310347,0.009557044948228982,2.220446049250313e-16,True,70.589878,0.026496,26.01246,0.009216,25.95102,0.0,25.95102,True,0.038912,0.013312,0.0,0.0,0.0,lumped_exchange_mass_cg4,4,1e-06,1.304446,127,1,2,128,1,False,,,,,0,64,"['step=1: proof unavailable', 'step=2: proof unavailable', 'step=3: proof unavailable', 'step=4: proof unavailable', 'step=5: proof unavailable', 'step=6: proof unavailable', 'step=7: proof unavailable', 'step=8: proof unavailable', 'step=9: proof unavailable', 'step=10: proof unavailable', 'step=11: proof unavailable', 'step=12: proof unavailable', 'step=13: proof unavailable', 'step=14: proof unavailable', 'step=15: proof unavailable', 'step=16: proof unavailable', 'step=17: proof unavailable', 'step=18: proof unavailable', 'step=19: proof unavailable', 'step=20: proof unavailable', 'step=21: proof unavailable', 'step=22: proof unavailable', 'step=23: proof unavailable', 'step=24: proof unavailable', 'step=25: proof unavailable', 'step=26: proof unavailable', 'step=27: proof unavailable', 'step=28: proof unavailable', 'step=29: proof unavailable', 'step=30: proof unavailable', 'step=31: proof unavailable', 'step=32: proof unavailable', 'step=33: proof unavailable', 'step=34: proof unavailable', 'step=35: proof unavailable', 'step=36: proof unavailable', 'step=37: proof unavailable', 'step=38: proof unavailable', 'step=39: proof unavailable', 'step=40: proof unavailable', 'step=41: proof unavailable', 'step=42: proof unavailable', 'step=43: proof unavailable', 'step=44: proof unavailable', 'step=45: proof unavailable', 'step=46: proof unavailable', 'step=47: proof unavailable', 'step=48: proof unavailable', 'step=49: proof unavailable', 'step=50: proof unavailable', 'step=51: proof unavailable', 'step=52: proof unavailable', 'step=53: proof unavailable', 'step=54: proof unavailable', 'step=55: proof unavailable', 'step=56: proof unavailable', 'step=57: proof unavailable', 'step=58: proof unavailable', 'step=59: proof unavailable', 'step=60: proof unavailable', 'step=61: proof unavailable', 'step=62: proof unavailable', 'step=63: proof unavailable', 'step=64: proof unavailable']",fem_native_gpu,legacy_sparse,all_in_gpu_legacy_sparse,device_source_of_truth,True,True,,193,0,0,526.151155,59.073501,0,0,0,0,33936,193,True,153,459,2,495059,281,True,production_executable,2,True,False,True,legacy_sparse_gpu,device_hypre_poisson,device,device,,ceed-cuda:/gpu/cuda/shared,1,1,CG,airbox,robin,100.0,dipole,2.0,AMG,mfem_hypre_boomeramg,6,8,6,1,,,1e-12,,500,1,explicit,CG,AMG,1e-12,,500,1,15,3.1861456207666457e-13,0,,,,,,0.000000000000000e0,3.971133979166950e4,6.914439490817257e3,0.0,0.0,True,compute_hot_loop_host_sync_count=0;stage_exchange_device_resident=true,1
fem_gpu,box500_airbox_exchange_demag,heun,nonlinear_cg,fixed,/workspace/.fullmag/runtimes/fem-gpu-host/bin/fullmag-fem-gpu,64,1e-13,1,900.0,/workspace/.fullmag/runtimes/fem-gpu-variants/hypre-baseline-9377ad32bc08279eee8218b61007407974cd13e0c7599462f07abf05376db29a,9377ad32bc08279eee8218b61007407974cd13e0c7599462f07abf05376db29a,e04b5d6066cf058222f4a5b3623765542227eec5b287bbd9ef7c46df219b5afc,c936d6cc9add692d9b1178ea9d10f3bc8267d321f045370453c5f9f488741a64,study_domain,/workspace/examples/assets/bench_box_200x50x10nm.mesh.json,medium,153,473,280,0,0,True,/usr/bin/python3,gpu,1,1,CG,AMG,1e-12,,500,0,6,8,6,1,,,8000.0,nonlinear_cg,lumped_exchange_mass_cg8,True,True,True,True,False,/workspace/backends/fem/gpu/cuda/integrators/rk/rk_adaptive_decision_readback.cu,,True,085353a503c3377a241c56a4dda85ee23e3673e45c24fd6d6d6cb5892a4b9a1e,True,60,0.0,ok,0,4194.711,807,54,60,box500_airbox_exchange_demag,heun,nonlinear_cg,fixed,double,0.0,0.000000000000000e0,,,-1.8963232389050425e-17,5.883754518754821e-22,-1.961657563937504e-17,6.52754874872738e-19,0.0,0.0,torque,7552.357622107798,0.009490572489158695,2.220446049250313e-16,True,76.971154,0.029696,28.459528,0.009216,28.353,0.0,28.353,True,0.079904,0.017408,0.0,0.0,0.0,lumped_exchange_mass_cg8,8,1e-06,2.352723,119,1,2,120,1,False,,,,,0,60,"['step=1: proof unavailable', 'step=2: proof unavailable', 'step=3: proof unavailable', 'step=4: proof unavailable', 'step=5: proof unavailable', 'step=6: proof unavailable', 'step=7: proof unavailable', 'step=8: proof unavailable', 'step=9: proof unavailable', 'step=10: proof unavailable', 'step=11: proof unavailable', 'step=12: proof unavailable', 'step=13: proof unavailable', 'step=14: proof unavailable', 'step=15: proof unavailable', 'step=16: proof unavailable', 'step=17: proof unavailable', 'step=18: proof unavailable', 'step=19: proof unavailable', 'step=20: proof unavailable', 'step=21: proof unavailable', 'step=22: proof unavailable', 'step=23: proof unavailable', 'step=24: proof unavailable', 'step=25: proof unavailable', 'step=26: proof unavailable', 'step=27: proof unavailable', 'step=28: proof unavailable', 'step=29: proof unavailable', 'step=30: proof unavailable', 'step=31: proof unavailable', 'step=32: proof unavailable', 'step=33: proof unavailable', 'step=34: proof unavailable', 'step=35: proof unavailable', 'step=36: proof unavailable', 'step=37: proof unavailable', 'step=38: proof unavailable', 'step=39: proof unavailable', 'step=40: proof unavailable', 'step=41: proof unavailable', 'step=42: proof unavailable', 'step=43: proof unavailable', 'step=44: proof unavailable', 'step=45: proof unavailable', 'step=46: proof unavailable', 'step=47: proof unavailable', 'step=48: proof unavailable', 'step=49: proof unavailable', 'step=50: proof unavailable', 'step=51: proof unavailable', 'step=52: proof unavailable', 'step=53: proof unavailable', 'step=54: proof unavailable', 'step=55: proof unavailable', 'step=56: proof unavailable', 'step=57: proof unavailable', 'step=58: proof unavailable', 'step=59: proof unavailable', 'step=60: proof unavailable']",fem_native_gpu,legacy_sparse,all_in_gpu_legacy_sparse,device_source_of_truth,True,True,,181,0,0,530.712242,52.307664,0,0,0,0,31824,181,True,153,459,2,495059,281,True,production_executable,2,True,False,True,legacy_sparse_gpu,device_hypre_poisson,device,device,,ceed-cuda:/gpu/cuda/shared,1,1,CG,airbox,robin,100.0,dipole,2.0,AMG,mfem_hypre_boomeramg,6,8,6,1,,,1e-12,,500,1,explicit,CG,AMG,1e-12,,500,1,15,3.1858271247384207e-13,0,,,,,,0.000000000000000e0,3.961154274762222e4,6.889108218972044e3,0.0,0.0,True,compute_hot_loop_host_sync_count=0;stage_exchange_device_resident=true,1
fem_gpu,box500_airbox_exchange_demag,heun,nonlinear_cg,fixed,/workspace/.fullmag/runtimes/fem-gpu-host/bin/fullmag-fem-gpu,64,1e-13,1,900.0,/workspace/.fullmag/runtimes/fem-gpu-variants/hypre-baseline-9377ad32bc08279eee8218b61007407974cd13e0c7599462f07abf05376db29a,9377ad32bc08279eee8218b61007407974cd13e0c7599462f07abf05376db29a,e04b5d6066cf058222f4a5b3623765542227eec5b287bbd9ef7c46df219b5afc,c936d6cc9add692d9b1178ea9d10f3bc8267d321f045370453c5f9f488741a64,study_domain,/workspace/examples/assets/bench_box_200x50x10nm.mesh.json,medium,153,473,280,0,0,True,/usr/bin/python3,gpu,1,1,CG,AMG,1e-12,,500,0,6,8,6,1,,,8000.0,nonlinear_cg,stagnation_triggered_cg8,True,True,True,True,False,/workspace/backends/fem/gpu/cuda/integrators/rk/rk_adaptive_decision_readback.cu,,True,085353a503c3377a241c56a4dda85ee23e3673e45c24fd6d6d6cb5892a4b9a1e,True,60,0.0,ok,0,3991.628,807,54,60,box500_airbox_exchange_demag,heun,nonlinear_cg,fixed,double,0.0,0.000000000000000e0,,,-1.8963252240580343e-17,5.856622274669094e-22,-1.9616591953043925e-17,6.52754050236115e-19,0.0,0.0,torque,7536.391990092294,0.009470509484258765,2.220446049250313e-16,True,67.941622,0.059328,25.826728,0.059392,25.697704,0.0,25.697704,True,0.052224,0.017408,0.0,0.0,0.0,stagnation_triggered_cg8,0,0.0,0.0,1,1,2,120,1,False,,,,,0,60,"['step=1: proof unavailable', 'step=2: proof unavailable', 'step=3: proof unavailable', 'step=4: proof unavailable', 'step=5: proof unavailable', 'step=6: proof unavailable', 'step=7: proof unavailable', 'step=8: proof unavailable', 'step=9: proof unavailable', 'step=10: proof unavailable', 'step=11: proof unavailable', 'step=12: proof unavailable', 'step=13: proof unavailable', 'step=14: proof unavailable', 'step=15: proof unavailable', 'step=16: proof unavailable', 'step=17: proof unavailable', 'step=18: proof unavailable', 'step=19: proof unavailable', 'step=20: proof unavailable', 'step=21: proof unavailable', 'step=22: proof unavailable', 'step=23: proof unavailable', 'step=24: proof unavailable', 'step=25: proof unavailable', 'step=26: proof unavailable', 'step=27: proof unavailable', 'step=28: proof unavailable', 'step=29: proof unavailable', 'step=30: proof unavailable', 'step=31: proof unavailable', 'step=32: proof unavailable', 'step=33: proof unavailable', 'step=34: proof unavailable', 'step=35: proof unavailable', 'step=36: proof unavailable', 'step=37: proof unavailable', 'step=38: proof unavailable', 'step=39: proof unavailable', 'step=40: proof unavailable', 'step=41: proof unavailable', 'step=42: proof unavailable', 'step=43: proof unavailable', 'step=44: proof unavailable', 'step=45: proof unavailable', 'step=46: proof unavailable', 'step=47: proof unavailable', 'step=48: proof unavailable', 'step=49: proof unavailable', 'step=50: proof unavailable', 'step=51: proof unavailable', 'step=52: proof unavailable', 'step=53: proof unavailable', 'step=54: proof unavailable', 'step=55: proof unavailable', 'step=56: proof unavailable', 'step=57: proof unavailable', 'step=58: proof unavailable', 'step=59: proof unavailable', 'step=60: proof unavailable']",fem_native_gpu,legacy_sparse,all_in_gpu_legacy_sparse,device_source_of_truth,True,True,,181,0,0,496.85395,58.642263,0,0,0,0,31824,181,True,153,459,2,495059,281,True,production_executable,2,True,False,True,legacy_sparse_gpu,device_hypre_poisson,device,device,,ceed-cuda:/gpu/cuda/shared,1,1,CG,airbox,robin,100.0,dipole,2.0,AMG,mfem_hypre_boomeramg,6,8,6,1,,,1e-12,,500,1,explicit,CG,AMG,1e-12,,500,1,15,3.18577615345562e-13,0,,,,,,0.000000000000000e0,3.961584316681320e4,6.889019573761845e3,0.0,0.0,True,compute_hot_loop_host_sync_count=0;stage_exchange_device_resident=true,1
fem_gpu,box500_airbox_exchange_demag,heun,nonlinear_cg,fixed,/workspace/.fullmag/runtimes/fem-gpu-host/bin/fullmag-fem-gpu,64,1e-13,1,900.0,/workspace/.fullmag/runtimes/fem-gpu-variants/hypre-baseline-9377ad32bc08279eee8218b61007407974cd13e0c7599462f07abf05376db29a,9377ad32bc08279eee8218b61007407974cd13e0c7599462f07abf05376db29a,e04b5d6066cf058222f4a5b3623765542227eec5b287bbd9ef7c46df219b5afc,c936d6cc9add692d9b1178ea9d10f3bc8267d321f045370453c5f9f488741a64,study_domain,/workspace/examples/assets/bench_box_200x50x10nm.mesh.json,medium,153,473,280,0,0,True,/usr/bin/python3,gpu,1,1,CG,AMG,1e-12,,500,0,6,8,6,1,,,8000.0,nonlinear_cg,none,True,True,True,True,False,/workspace/backends/fem/gpu/cuda/integrators/rk/rk_adaptive_decision_readback.cu,,True,085353a503c3377a241c56a4dda85ee23e3673e45c24fd6d6d6cb5892a4b9a1e,True,60,0.0,ok,0,4007.191,807,54,60,box500_airbox_exchange_demag,heun,nonlinear_cg,fixed,double,0.0,0.000000000000000e0,,,-1.8963252908532273e-17,5.855038348521069e-22,-1.9616592526374063e-17,6.527541140069387e-19,0.0,0.0,torque,7536.254347902778,0.009470336517982202,2.220446049250313e-16,True,75.995515,0.034816,31.384061,0.01024,31.260381,0.0,31.260381,True,0.037664,0.075776,0.0,0.0,0.0,none,0,0.0,0.0,0,0,2,120,1,False,,,,,0,60,"['step=1: proof unavailable', 'step=2: proof unavailable', 'step=3: proof unavailable', 'step=4: proof unavailable', 'step=5: proof unavailable', 'step=6: proof unavailable', 'step=7: proof unavailable', 'step=8: proof unavailable', 'step=9: proof unavailable', 'step=10: proof unavailable', 'step=11: proof unavailable', 'step=12: proof unavailable', 'step=13: proof unavailable', 'step=14: proof unavailable', 'step=15: proof unavailable', 'step=16: proof unavailable', 'step=17: proof unavailable', 'step=18: proof unavailable', 'step=19: proof unavailable', 'step=20: proof unavailable', 'step=21: proof unavailable', 'step=22: proof unavailable', 'step=23: proof unavailable', 'step=24: proof unavailable', 'step=25: proof unavailable', 'step=26: proof unavailable', 'step=27: proof unavailable', 'step=28: proof unavailable', 'step=29: proof unavailable', 'step=30: proof unavailable', 'step=31: proof unavailable', 'step=32: proof unavailable', 'step=33: proof unavailable', 'step=34: proof unavailable', 'step=35: proof unavailable', 'step=36: proof unavailable', 'step=37: proof unavailable', 'step=38: proof unavailable', 'step=39: proof unavailable', 'step=40: proof unavailable', 'step=41: proof unavailable', 'step=42: proof unavailable', 'step=43: proof unavailable', 'step=44: proof unavailable', 'step=45: proof unavailable', 'step=46: proof unavailable', 'step=47: proof unavailable', 'step=48: proof unavailable', 'step=49: proof unavailable', 'step=50: proof unavailable', 'step=51: proof unavailable', 'step=52: proof unavailable', 'step=53: proof unavailable', 'step=54: proof unavailable', 'step=55: proof unavailable', 'step=56: proof unavailable', 'step=57: proof unavailable', 'step=58: proof unavailable', 'step=59: proof unavailable', 'step=60: proof unavailable']",fem_native_gpu,legacy_sparse,all_in_gpu_legacy_sparse,device_source_of_truth,True,True,,181,0,0,581.597951,57.092103,0,0,0,0,31824,181,True,153,459,2,495059,281,True,production_executable,2,True,False,True,legacy_sparse_gpu,device_hypre_poisson,device,device,,ceed-cuda:/gpu/cuda/shared,1,1,CG,airbox,robin,100.0,dipole,2.0,AMG,mfem_hypre_boomeramg,6,8,6,1,,,1e-12,,500,1,explicit,CG,AMG,1e-12,,500,1,15,3.18577492440427e-13,0,,,,,,0.000000000000000e0,3.961587170360798e4,6.889017594302506e3,0.0,0.0,True,compute_hot_loop_host_sync_count=0;stage_exchange_device_resident=true,2
fem_gpu,box500_airbox_exchange_demag,heun,nonlinear_cg,fixed,/workspace/.fullmag/runtimes/fem-gpu-host/bin/fullmag-fem-gpu,64,1e-13,1,900.0,/workspace/.fullmag/runtimes/fem-gpu-variants/hypre-baseline-9377ad32bc08279eee8218b61007407974cd13e0c7599462f07abf05376db29a,9377ad32bc08279eee8218b61007407974cd13e0c7599462f07abf05376db29a,e04b5d6066cf058222f4a5b3623765542227eec5b287bbd9ef7c46df219b5afc,c936d6cc9add692d9b1178ea9d10f3bc8267d321f045370453c5f9f488741a64,study_domain,/workspace/examples/assets/bench_box_200x50x10nm.mesh.json,medium,153,473,280,0,0,True,/usr/bin/python3,gpu,1,1,CG,AMG,1e-12,,500,0,6,8,6,1,,,8000.0,nonlinear_cg,diagonal_mass,True,True,True,True,False,/workspace/backends/fem/gpu/cuda/integrators/rk/rk_adaptive_decision_readback.cu,,True,085353a503c3377a241c56a4dda85ee23e3673e45c24fd6d6d6cb5892a4b9a1e,True,60,0.0,ok,0,3969.449,807,54,60,box500_airbox_exchange_demag,heun,nonlinear_cg,fixed,double,0.0,0.000000000000000e0,,,-1.8963252908532273e-17,5.855038348521069e-22,-1.9616592526374063e-17,6.527541140069387e-19,0.0,0.0,torque,7536.254347902778,0.009470336517982202,2.220446049250313e-16,True,72.484173,0.025632,26.393502,0.011264,26.279038,0.0,26.279038,True,0.030592,0.072608,0.0,0.0,0.0,diagonal_mass,0,0.0,0.142604,0,0,2,120,1,False,,,,,0,60,"['step=1: proof unavailable', 'step=2: proof unavailable', 'step=3: proof unavailable', 'step=4: proof unavailable', 'step=5: proof unavailable', 'step=6: proof unavailable', 'step=7: proof unavailable', 'step=8: proof unavailable', 'step=9: proof unavailable', 'step=10: proof unavailable', 'step=11: proof unavailable', 'step=12: proof unavailable', 'step=13: proof unavailable', 'step=14: proof unavailable', 'step=15: proof unavailable', 'step=16: proof unavailable', 'step=17: proof unavailable', 'step=18: proof unavailable', 'step=19: proof unavailable', 'step=20: proof unavailable', 'step=21: proof unavailable', 'step=22: proof unavailable', 'step=23: proof unavailable', 'step=24: proof unavailable', 'step=25: proof unavailable', 'step=26: proof unavailable', 'step=27: proof unavailable', 'step=28: proof unavailable', 'step=29: proof unavailable', 'step=30: proof unavailable', 'step=31: proof unavailable', 'step=32: proof unavailable', 'step=33: proof unavailable', 'step=34: proof unavailable', 'step=35: proof unavailable', 'step=36: proof unavailable', 'step=37: proof unavailable', 'step=38: proof unavailable', 'step=39: proof unavailable', 'step=40: proof unavailable', 'step=41: proof unavailable', 'step=42: proof unavailable', 'step=43: proof unavailable', 'step=44: proof unavailable', 'step=45: proof unavailable', 'step=46: proof unavailable', 'step=47: proof unavailable', 'step=48: proof unavailable', 'step=49: proof unavailable', 'step=50: proof unavailable', 'step=51: proof unavailable', 'step=52: proof unavailable', 'step=53: proof unavailable', 'step=54: proof unavailable', 'step=55: proof unavailable', 'step=56: proof unavailable', 'step=57: proof unavailable', 'step=58: proof unavailable', 'step=59: proof unavailable', 'step=60: proof unavailable']",fem_native_gpu,legacy_sparse,all_in_gpu_legacy_sparse,device_source_of_truth,True,True,,181,0,0,516.243188,53.780954,0,0,0,0,31824,181,True,153,459,2,495059,281,True,production_executable,2,True,False,True,legacy_sparse_gpu,device_hypre_poisson,device,device,,ceed-cuda:/gpu/cuda/shared,1,1,CG,airbox,robin,100.0,dipole,2.0,AMG,mfem_hypre_boomeramg,6,8,6,1,,,1e-12,,500,1,explicit,CG,AMG,1e-12,,500,1,15,3.18577492440427e-13,0,,,,,,0.000000000000000e0,3.961587170360798e4,6.889017594302506e3,0.0,0.0,True,compute_hot_loop_host_sync_count=0;stage_exchange_device_resident=true,2
fem_gpu,box500_airbox_exchange_demag,heun,nonlinear_cg,fixed,/workspace/.fullmag/runtimes/fem-gpu-host/bin/fullmag-fem-gpu,64,1e-13,1,900.0,/workspace/.fullmag/runtimes/fem-gpu-variants/hypre-baseline-9377ad32bc08279eee8218b61007407974cd13e0c7599462f07abf05376db29a,9377ad32bc08279eee8218b61007407974cd13e0c7599462f07abf05376db29a,e04b5d6066cf058222f4a5b3623765542227eec5b287bbd9ef7c46df219b5afc,c936d6cc9add692d9b1178ea9d10f3bc8267d321f045370453c5f9f488741a64,study_domain,/workspace/examples/assets/bench_box_200x50x10nm.mesh.json,medium,153,473,280,0,0,True,/usr/bin/python3,gpu,1,1,CG,AMG,1e-12,,500,0,6,8,6,1,,,8000.0,nonlinear_cg,lumped_exchange_mass_cg4,True,True,True,True,False,/workspace/backends/fem/gpu/cuda/integrators/rk/rk_adaptive_decision_readback.cu,,True,085353a503c3377a241c56a4dda85ee23e3673e45c24fd6d6d6cb5892a4b9a1e,True,64,0.0,ok,0,4405.53,851,52,64,box500_airbox_exchange_demag,heun,nonlinear_cg,fixed,double,0.0,0.000000000000000e0,,,-1.9057304297251148e-17,5.161744571660033e-22,-1.9715021055939015e-17,6.572005842307e-19,0.0,0.0,torque,7605.254724310347,0.009557044948228982,2.220446049250313e-16,True,71.521937,0.109536,27.600739,0.010144,27.555779,0.0,27.555779,True,0.026624,0.008192,0.0,0.0,0.0,lumped_exchange_mass_cg4,4,1e-06,1.537835,127,1,2,128,1,False,,,,,0,64,"['step=1: proof unavailable', 'step=2: proof unavailable', 'step=3: proof unavailable', 'step=4: proof unavailable', 'step=5: proof unavailable', 'step=6: proof unavailable', 'step=7: proof unavailable', 'step=8: proof unavailable', 'step=9: proof unavailable', 'step=10: proof unavailable', 'step=11: proof unavailable', 'step=12: proof unavailable', 'step=13: proof unavailable', 'step=14: proof unavailable', 'step=15: proof unavailable', 'step=16: proof unavailable', 'step=17: proof unavailable', 'step=18: proof unavailable', 'step=19: proof unavailable', 'step=20: proof unavailable', 'step=21: proof unavailable', 'step=22: proof unavailable', 'step=23: proof unavailable', 'step=24: proof unavailable', 'step=25: proof unavailable', 'step=26: proof unavailable', 'step=27: proof unavailable', 'step=28: proof unavailable', 'step=29: proof unavailable', 'step=30: proof unavailable', 'step=31: proof unavailable', 'step=32: proof unavailable', 'step=33: proof unavailable', 'step=34: proof unavailable', 'step=35: proof unavailable', 'step=36: proof unavailable', 'step=37: proof unavailable', 'step=38: proof unavailable', 'step=39: proof unavailable', 'step=40: proof unavailable', 'step=41: proof unavailable', 'step=42: proof unavailable', 'step=43: proof unavailable', 'step=44: proof unavailable', 'step=45: proof unavailable', 'step=46: proof unavailable', 'step=47: proof unavailable', 'step=48: proof unavailable', 'step=49: proof unavailable', 'step=50: proof unavailable', 'step=51: proof unavailable', 'step=52: proof unavailable', 'step=53: proof unavailable', 'step=54: proof unavailable', 'step=55: proof unavailable', 'step=56: proof unavailable', 'step=57: proof unavailable', 'step=58: proof unavailable', 'step=59: proof unavailable', 'step=60: proof unavailable', 'step=61: proof unavailable', 'step=62: proof unavailable', 'step=63: proof unavailable', 'step=64: proof unavailable']",fem_native_gpu,legacy_sparse,all_in_gpu_legacy_sparse,device_source_of_truth,True,True,,193,0,0,572.640871,57.519073,0,0,0,0,33936,193,True,153,459,2,495059,281,True,production_executable,2,True,False,True,legacy_sparse_gpu,device_hypre_poisson,device,device,,ceed-cuda:/gpu/cuda/shared,1,1,CG,airbox,robin,100.0,dipole,2.0,AMG,mfem_hypre_boomeramg,6,8,6,1,,,1e-12,,500,1,explicit,CG,AMG,1e-12,,500,1,15,3.1861456207666457e-13,0,,,,,,0.000000000000000e0,3.971133979166950e4,6.914439490817257e3,0.0,0.0,True,compute_hot_loop_host_sync_count=0;stage_exchange_device_resident=true,2
fem_gpu,box500_airbox_exchange_demag,heun,nonlinear_cg,fixed,/workspace/.fullmag/runtimes/fem-gpu-host/bin/fullmag-fem-gpu,64,1e-13,1,900.0,/workspace/.fullmag/runtimes/fem-gpu-variants/hypre-baseline-9377ad32bc08279eee8218b61007407974cd13e0c7599462f07abf05376db29a,9377ad32bc08279eee8218b61007407974cd13e0c7599462f07abf05376db29a,e04b5d6066cf058222f4a5b3623765542227eec5b287bbd9ef7c46df219b5afc,c936d6cc9add692d9b1178ea9d10f3bc8267d321f045370453c5f9f488741a64,study_domain,/workspace/examples/assets/bench_box_200x50x10nm.mesh.json,medium,153,473,280,0,0,True,/usr/bin/python3,gpu,1,1,CG,AMG,1e-12,,500,0,6,8,6,1,,,8000.0,nonlinear_cg,lumped_exchange_mass_cg8,True,True,True,True,False,/workspace/backends/fem/gpu/cuda/integrators/rk/rk_adaptive_decision_readback.cu,,True,085353a503c3377a241c56a4dda85ee23e3673e45c24fd6d6d6cb5892a4b9a1e,True,60,0.0,ok,0,4220.132,807,54,60,box500_airbox_exchange_demag,heun,nonlinear_cg,fixed,double,0.0,0.000000000000000e0,,,-1.8963232389050425e-17,5.883754518754821e-22,-1.961657563937504e-17,6.52754874872738e-19,0.0,0.0,torque,7552.357622107798,0.009490572489158695,2.220446049250313e-16,True,76.628559,0.02544,28.629846,0.009216,28.431254,0.0,28.431254,True,0.118784,0.070592,0.0,0.0,0.0,lumped_exchange_mass_cg8,8,1e-06,2.287439,119,1,2,120,1,False,,,,,0,60,"['step=1: proof unavailable', 'step=2: proof unavailable', 'step=3: proof unavailable', 'step=4: proof unavailable', 'step=5: proof unavailable', 'step=6: proof unavailable', 'step=7: proof unavailable', 'step=8: proof unavailable', 'step=9: proof unavailable', 'step=10: proof unavailable', 'step=11: proof unavailable', 'step=12: proof unavailable', 'step=13: proof unavailable', 'step=14: proof unavailable', 'step=15: proof unavailable', 'step=16: proof unavailable', 'step=17: proof unavailable', 'step=18: proof unavailable', 'step=19: proof unavailable', 'step=20: proof unavailable', 'step=21: proof unavailable', 'step=22: proof unavailable', 'step=23: proof unavailable', 'step=24: proof unavailable', 'step=25: proof unavailable', 'step=26: proof unavailable', 'step=27: proof unavailable', 'step=28: proof unavailable', 'step=29: proof unavailable', 'step=30: proof unavailable', 'step=31: proof unavailable', 'step=32: proof unavailable', 'step=33: proof unavailable', 'step=34: proof unavailable', 'step=35: proof unavailable', 'step=36: proof unavailable', 'step=37: proof unavailable', 'step=38: proof unavailable', 'step=39: proof unavailable', 'step=40: proof unavailable', 'step=41: proof unavailable', 'step=42: proof unavailable', 'step=43: proof unavailable', 'step=44: proof unavailable', 'step=45: proof unavailable', 'step=46: proof unavailable', 'step=47: proof unavailable', 'step=48: proof unavailable', 'step=49: proof unavailable', 'step=50: proof unavailable', 'step=51: proof unavailable', 'step=52: proof unavailable', 'step=53: proof unavailable', 'step=54: proof unavailable', 'step=55: proof unavailable', 'step=56: proof unavailable', 'step=57: proof unavailable', 'step=58: proof unavailable', 'step=59: proof unavailable', 'step=60: proof unavailable']",fem_native_gpu,legacy_sparse,all_in_gpu_legacy_sparse,device_source_of_truth,True,True,,181,0,0,539.794325,66.383163,0,0,0,0,31824,181,True,153,459,2,495059,281,True,production_executable,2,True,False,True,legacy_sparse_gpu,device_hypre_poisson,device,device,,ceed-cuda:/gpu/cuda/shared,1,1,CG,airbox,robin,100.0,dipole,2.0,AMG,mfem_hypre_boomeramg,6,8,6,1,,,1e-12,,500,1,explicit,CG,AMG,1e-12,,500,1,15,3.1858271247384207e-13,0,,,,,,0.000000000000000e0,3.961154274762222e4,6.889108218972044e3,0.0,0.0,True,compute_hot_loop_host_sync_count=0;stage_exchange_device_resident=true,2
fem_gpu,box500_airbox_exchange_demag,heun,nonlinear_cg,fixed,/workspace/.fullmag/runtimes/fem-gpu-host/bin/fullmag-fem-gpu,64,1e-13,1,900.0,/workspace/.fullmag/runtimes/fem-gpu-variants/hypre-baseline-9377ad32bc08279eee8218b61007407974cd13e0c7599462f07abf05376db29a,9377ad32bc08279eee8218b61007407974cd13e0c7599462f07abf05376db29a,e04b5d6066cf058222f4a5b3623765542227eec5b287bbd9ef7c46df219b5afc,c936d6cc9add692d9b1178ea9d10f3bc8267d321f045370453c5f9f488741a64,study_domain,/workspace/examples/assets/bench_box_200x50x10nm.mesh.json,medium,153,473,280,0,0,True,/usr/bin/python3,gpu,1,1,CG,AMG,1e-12,,500,0,6,8,6,1,,,8000.0,nonlinear_cg,stagnation_triggered_cg8,True,True,True,True,False,/workspace/backends/fem/gpu/cuda/integrators/rk/rk_adaptive_decision_readback.cu,,True,085353a503c3377a241c56a4dda85ee23e3673e45c24fd6d6d6cb5892a4b9a1e,True,60,0.0,ok,0,4355.552,807,54,60,box500_airbox_exchange_demag,heun,nonlinear_cg,fixed,double,0.0,0.000000000000000e0,,,-1.8963252240580343e-17,5.856622274669094e-22,-1.9616591953043925e-17,6.52754050236115e-19,0.0,0.0,torque,7536.391990092294,0.009470509484258765,2.220446049250313e-16,True,82.443335,0.0256,33.160817,0.038912,32.978545,0.0,32.978545,True,0.096256,0.047104,0.0,0.0,0.0,stagnation_triggered_cg8,0,0.0,0.0,1,1,2,120,1,False,,,,,0,60,"['step=1: proof unavailable', 'step=2: proof unavailable', 'step=3: proof unavailable', 'step=4: proof unavailable', 'step=5: proof unavailable', 'step=6: proof unavailable', 'step=7: proof unavailable', 'step=8: proof unavailable', 'step=9: proof unavailable', 'step=10: proof unavailable', 'step=11: proof unavailable', 'step=12: proof unavailable', 'step=13: proof unavailable', 'step=14: proof unavailable', 'step=15: proof unavailable', 'step=16: proof unavailable', 'step=17: proof unavailable', 'step=18: proof unavailable', 'step=19: proof unavailable', 'step=20: proof unavailable', 'step=21: proof unavailable', 'step=22: proof unavailable', 'step=23: proof unavailable', 'step=24: proof unavailable', 'step=25: proof unavailable', 'step=26: proof unavailable', 'step=27: proof unavailable', 'step=28: proof unavailable', 'step=29: proof unavailable', 'step=30: proof unavailable', 'step=31: proof unavailable', 'step=32: proof unavailable', 'step=33: proof unavailable', 'step=34: proof unavailable', 'step=35: proof unavailable', 'step=36: proof unavailable', 'step=37: proof unavailable', 'step=38: proof unavailable', 'step=39: proof unavailable', 'step=40: proof unavailable', 'step=41: proof unavailable', 'step=42: proof unavailable', 'step=43: proof unavailable', 'step=44: proof unavailable', 'step=45: proof unavailable', 'step=46: proof unavailable', 'step=47: proof unavailable', 'step=48: proof unavailable', 'step=49: proof unavailable', 'step=50: proof unavailable', 'step=51: proof unavailable', 'step=52: proof unavailable', 'step=53: proof unavailable', 'step=54: proof unavailable', 'step=55: proof unavailable', 'step=56: proof unavailable', 'step=57: proof unavailable', 'step=58: proof unavailable', 'step=59: proof unavailable', 'step=60: proof unavailable']",fem_native_gpu,legacy_sparse,all_in_gpu_legacy_sparse,device_source_of_truth,True,True,,181,0,0,517.732846,54.062334,0,0,0,0,31824,181,True,153,459,2,495059,281,True,production_executable,2,True,False,True,legacy_sparse_gpu,device_hypre_poisson,device,device,,ceed-cuda:/gpu/cuda/shared,1,1,CG,airbox,robin,100.0,dipole,2.0,AMG,mfem_hypre_boomeramg,6,8,6,1,,,1e-12,,500,1,explicit,CG,AMG,1e-12,,500,1,15,3.18577615345562e-13,0,,,,,,0.000000000000000e0,3.961584316681320e4,6.889019573761845e3,0.0,0.0,True,compute_hot_loop_host_sync_count=0;stage_exchange_device_resident=true,2
fem_gpu,box500_airbox_exchange_demag,heun,nonlinear_cg,fixed,/workspace/.fullmag/runtimes/fem-gpu-host/bin/fullmag-fem-gpu,64,1e-13,1,900.0,/workspace/.fullmag/runtimes/fem-gpu-variants/hypre-baseline-9377ad32bc08279eee8218b61007407974cd13e0c7599462f07abf05376db29a,9377ad32bc08279eee8218b61007407974cd13e0c7599462f07abf05376db29a,e04b5d6066cf058222f4a5b3623765542227eec5b287bbd9ef7c46df219b5afc,c936d6cc9add692d9b1178ea9d10f3bc8267d321f045370453c5f9f488741a64,study_domain,/workspace/examples/assets/bench_box_200x50x10nm.mesh.json,medium,153,473,280,0,0,True,/usr/bin/python3,gpu,1,1,CG,AMG,1e-12,,500,0,6,8,6,1,,,8000.0,nonlinear_cg,none,True,True,True,True,False,/workspace/backends/fem/gpu/cuda/integrators/rk/rk_adaptive_decision_readback.cu,,True,085353a503c3377a241c56a4dda85ee23e3673e45c24fd6d6d6cb5892a4b9a1e,True,60,0.0,ok,0,4327.563,807,54,60,box500_airbox_exchange_demag,heun,nonlinear_cg,fixed,double,0.0,0.000000000000000e0,,,-1.8963252908532273e-17,5.855038348521069e-22,-1.9616592526374063e-17,6.527541140069387e-19,0.0,0.0,torque,7536.254347902778,0.009470336517982202,2.220446049250313e-16,True,75.749661,0.064512,29.137987,0.009216,29.074499,0.0,29.074499,True,0.039936,0.014336,0.0,0.0,0.0,none,0,0.0,0.0,0,0,2,120,1,False,,,,,0,60,"['step=1: proof unavailable', 'step=2: proof unavailable', 'step=3: proof unavailable', 'step=4: proof unavailable', 'step=5: proof unavailable', 'step=6: proof unavailable', 'step=7: proof unavailable', 'step=8: proof unavailable', 'step=9: proof unavailable', 'step=10: proof unavailable', 'step=11: proof unavailable', 'step=12: proof unavailable', 'step=13: proof unavailable', 'step=14: proof unavailable', 'step=15: proof unavailable', 'step=16: proof unavailable', 'step=17: proof unavailable', 'step=18: proof unavailable', 'step=19: proof unavailable', 'step=20: proof unavailable', 'step=21: proof unavailable', 'step=22: proof unavailable', 'step=23: proof unavailable', 'step=24: proof unavailable', 'step=25: proof unavailable', 'step=26: proof unavailable', 'step=27: proof unavailable', 'step=28: proof unavailable', 'step=29: proof unavailable', 'step=30: proof unavailable', 'step=31: proof unavailable', 'step=32: proof unavailable', 'step=33: proof unavailable', 'step=34: proof unavailable', 'step=35: proof unavailable', 'step=36: proof unavailable', 'step=37: proof unavailable', 'step=38: proof unavailable', 'step=39: proof unavailable', 'step=40: proof unavailable', 'step=41: proof unavailable', 'step=42: proof unavailable', 'step=43: proof unavailable', 'step=44: proof unavailable', 'step=45: proof unavailable', 'step=46: proof unavailable', 'step=47: proof unavailable', 'step=48: proof unavailable', 'step=49: proof unavailable', 'step=50: proof unavailable', 'step=51: proof unavailable', 'step=52: proof unavailable', 'step=53: proof unavailable', 'step=54: proof unavailable', 'step=55: proof unavailable', 'step=56: proof unavailable', 'step=57: proof unavailable', 'step=58: proof unavailable', 'step=59: proof unavailable', 'step=60: proof unavailable']",fem_native_gpu,legacy_sparse,all_in_gpu_legacy_sparse,device_source_of_truth,True,True,,181,0,0,547.542692,64.45175,0,0,0,0,31824,181,True,153,459,2,495059,281,True,production_executable,2,True,False,True,legacy_sparse_gpu,device_hypre_poisson,device,device,,ceed-cuda:/gpu/cuda/shared,1,1,CG,airbox,robin,100.0,dipole,2.0,AMG,mfem_hypre_boomeramg,6,8,6,1,,,1e-12,,500,1,explicit,CG,AMG,1e-12,,500,1,15,3.18577492440427e-13,0,,,,,,0.000000000000000e0,3.961587170360798e4,6.889017594302506e3,0.0,0.0,True,compute_hot_loop_host_sync_count=0;stage_exchange_device_resident=true,3
fem_gpu,box500_airbox_exchange_demag,heun,nonlinear_cg,fixed,/workspace/.fullmag/runtimes/fem-gpu-host/bin/fullmag-fem-gpu,64,1e-13,1,900.0,/workspace/.fullmag/runtimes/fem-gpu-variants/hypre-baseline-9377ad32bc08279eee8218b61007407974cd13e0c7599462f07abf05376db29a,9377ad32bc08279eee8218b61007407974cd13e0c7599462f07abf05376db29a,e04b5d6066cf058222f4a5b3623765542227eec5b287bbd9ef7c46df219b5afc,c936d6cc9add692d9b1178ea9d10f3bc8267d321f045370453c5f9f488741a64,study_domain,/workspace/examples/assets/bench_box_200x50x10nm.mesh.json,medium,153,473,280,0,0,True,/usr/bin/python3,gpu,1,1,CG,AMG,1e-12,,500,0,6,8,6,1,,,8000.0,nonlinear_cg,diagonal_mass,True,True,True,True,False,/workspace/backends/fem/gpu/cuda/integrators/rk/rk_adaptive_decision_readback.cu,,True,085353a503c3377a241c56a4dda85ee23e3673e45c24fd6d6d6cb5892a4b9a1e,True,60,0.0,ok,0,4211.219,807,54,60,box500_airbox_exchange_demag,heun,nonlinear_cg,fixed,double,0.0,0.000000000000000e0,,,-1.8963252908532273e-17,5.855038348521069e-22,-1.9616592526374063e-17,6.527541140069387e-19,0.0,0.0,torque,7536.254347902778,0.009470336517982202,2.220446049250313e-16,True,71.402614,0.03584,27.433211,0.009152,27.370811,0.0,27.370811,True,0.039936,0.013312,0.0,0.0,0.0,diagonal_mass,0,0.0,0.119412,0,0,2,120,1,False,,,,,0,60,"['step=1: proof unavailable', 'step=2: proof unavailable', 'step=3: proof unavailable', 'step=4: proof unavailable', 'step=5: proof unavailable', 'step=6: proof unavailable', 'step=7: proof unavailable', 'step=8: proof unavailable', 'step=9: proof unavailable', 'step=10: proof unavailable', 'step=11: proof unavailable', 'step=12: proof unavailable', 'step=13: proof unavailable', 'step=14: proof unavailable', 'step=15: proof unavailable', 'step=16: proof unavailable', 'step=17: proof unavailable', 'step=18: proof unavailable', 'step=19: proof unavailable', 'step=20: proof unavailable', 'step=21: proof unavailable', 'step=22: proof unavailable', 'step=23: proof unavailable', 'step=24: proof unavailable', 'step=25: proof unavailable', 'step=26: proof unavailable', 'step=27: proof unavailable', 'step=28: proof unavailable', 'step=29: proof unavailable', 'step=30: proof unavailable', 'step=31: proof unavailable', 'step=32: proof unavailable', 'step=33: proof unavailable', 'step=34: proof unavailable', 'step=35: proof unavailable', 'step=36: proof unavailable', 'step=37: proof unavailable', 'step=38: proof unavailable', 'step=39: proof unavailable', 'step=40: proof unavailable', 'step=41: proof unavailable', 'step=42: proof unavailable', 'step=43: proof unavailable', 'step=44: proof unavailable', 'step=45: proof unavailable', 'step=46: proof unavailable', 'step=47: proof unavailable', 'step=48: proof unavailable', 'step=49: proof unavailable', 'step=50: proof unavailable', 'step=51: proof unavailable', 'step=52: proof unavailable', 'step=53: proof unavailable', 'step=54: proof unavailable', 'step=55: proof unavailable', 'step=56: proof unavailable', 'step=57: proof unavailable', 'step=58: proof unavailable', 'step=59: proof unavailable', 'step=60: proof unavailable']",fem_native_gpu,legacy_sparse,all_in_gpu_legacy_sparse,device_source_of_truth,True,True,,181,0,0,552.330331,64.55029,0,0,0,0,31824,181,True,153,459,2,495059,281,True,production_executable,2,True,False,True,legacy_sparse_gpu,device_hypre_poisson,device,device,,ceed-cuda:/gpu/cuda/shared,1,1,CG,airbox,robin,100.0,dipole,2.0,AMG,mfem_hypre_boomeramg,6,8,6,1,,,1e-12,,500,1,explicit,CG,AMG,1e-12,,500,1,15,3.18577492440427e-13,0,,,,,,0.000000000000000e0,3.961587170360798e4,6.889017594302506e3,0.0,0.0,True,compute_hot_loop_host_sync_count=0;stage_exchange_device_resident=true,3
fem_gpu,box500_airbox_exchange_demag,heun,nonlinear_cg,fixed,/workspace/.fullmag/runtimes/fem-gpu-host/bin/fullmag-fem-gpu,64,1e-13,1,900.0,/workspace/.fullmag/runtimes/fem-gpu-variants/hypre-baseline-9377ad32bc08279eee8218b61007407974cd13e0c7599462f07abf05376db29a,9377ad32bc08279eee8218b61007407974cd13e0c7599462f07abf05376db29a,e04b5d6066cf058222f4a5b3623765542227eec5b287bbd9ef7c46df219b5afc,c936d6cc9add692d9b1178ea9d10f3bc8267d321f045370453c5f9f488741a64,study_domain,/workspace/examples/assets/bench_box_200x50x10nm.mesh.json,medium,153,473,280,0,0,True,/usr/bin/python3,gpu,1,1,CG,AMG,1e-12,,500,0,6,8,6,1,,,8000.0,nonlinear_cg,lumped_exchange_mass_cg4,True,True,True,True,False,/workspace/backends/fem/gpu/cuda/integrators/rk/rk_adaptive_decision_readback.cu,,True,085353a503c3377a241c56a4dda85ee23e3673e45c24fd6d6d6cb5892a4b9a1e,True,64,0.0,ok,0,4232.936,851,52,64,box500_airbox_exchange_demag,heun,nonlinear_cg,fixed,double,0.0,0.000000000000000e0,,,-1.9057304297251148e-17,5.161744571660033e-22,-1.9715021055939015e-17,6.572005842307e-19,0.0,0.0,torque,7605.254724310347,0.009557044948228982,2.220446049250313e-16,True,76.924438,0.028672,29.522783,0.045056,29.355839,0.0,29.355839,True,0.04096,0.080928,0.0,0.0,0.0,lumped_exchange_mass_cg4,4,1e-06,1.95506,127,1,2,128,1,False,,,,,0,64,"['step=1: proof unavailable', 'step=2: proof unavailable', 'step=3: proof unavailable', 'step=4: proof unavailable', 'step=5: proof unavailable', 'step=6: proof unavailable', 'step=7: proof unavailable', 'step=8: proof unavailable', 'step=9: proof unavailable', 'step=10: proof unavailable', 'step=11: proof unavailable', 'step=12: proof unavailable', 'step=13: proof unavailable', 'step=14: proof unavailable', 'step=15: proof unavailable', 'step=16: proof unavailable', 'step=17: proof unavailable', 'step=18: proof unavailable', 'step=19: proof unavailable', 'step=20: proof unavailable', 'step=21: proof unavailable', 'step=22: proof unavailable', 'step=23: proof unavailable', 'step=24: proof unavailable', 'step=25: proof unavailable', 'step=26: proof unavailable', 'step=27: proof unavailable', 'step=28: proof unavailable', 'step=29: proof unavailable', 'step=30: proof unavailable', 'step=31: proof unavailable', 'step=32: proof unavailable', 'step=33: proof unavailable', 'step=34: proof unavailable', 'step=35: proof unavailable', 'step=36: proof unavailable', 'step=37: proof unavailable', 'step=38: proof unavailable', 'step=39: proof unavailable', 'step=40: proof unavailable', 'step=41: proof unavailable', 'step=42: proof unavailable', 'step=43: proof unavailable', 'step=44: proof unavailable', 'step=45: proof unavailable', 'step=46: proof unavailable', 'step=47: proof unavailable', 'step=48: proof unavailable', 'step=49: proof unavailable', 'step=50: proof unavailable', 'step=51: proof unavailable', 'step=52: proof unavailable', 'step=53: proof unavailable', 'step=54: proof unavailable', 'step=55: proof unavailable', 'step=56: proof unavailable', 'step=57: proof unavailable', 'step=58: proof unavailable', 'step=59: proof unavailable', 'step=60: proof unavailable', 'step=61: proof unavailable', 'step=62: proof unavailable', 'step=63: proof unavailable', 'step=64: proof unavailable']",fem_native_gpu,legacy_sparse,all_in_gpu_legacy_sparse,device_source_of_truth,True,True,,193,0,0,522.685747,56.337008,0,0,0,0,33936,193,True,153,459,2,495059,281,True,production_executable,2,True,False,True,legacy_sparse_gpu,device_hypre_poisson,device,device,,ceed-cuda:/gpu/cuda/shared,1,1,CG,airbox,robin,100.0,dipole,2.0,AMG,mfem_hypre_boomeramg,6,8,6,1,,,1e-12,,500,1,explicit,CG,AMG,1e-12,,500,1,15,3.1861456207666457e-13,0,,,,,,0.000000000000000e0,3.971133979166950e4,6.914439490817257e3,0.0,0.0,True,compute_hot_loop_host_sync_count=0;stage_exchange_device_resident=true,3
fem_gpu,box500_airbox_exchange_demag,heun,nonlinear_cg,fixed,/workspace/.fullmag/runtimes/fem-gpu-host/bin/fullmag-fem-gpu,64,1e-13,1,900.0,/workspace/.fullmag/runtimes/fem-gpu-variants/hypre-baseline-9377ad32bc08279eee8218b61007407974cd13e0c7599462f07abf05376db29a,9377ad32bc08279eee8218b61007407974cd13e0c7599462f07abf05376db29a,e04b5d6066cf058222f4a5b3623765542227eec5b287bbd9ef7c46df219b5afc,c936d6cc9add692d9b1178ea9d10f3bc8267d321f045370453c5f9f488741a64,study_domain,/workspace/examples/assets/bench_box_200x50x10nm.mesh.json,medium,153,473,280,0,0,True,/usr/bin/python3,gpu,1,1,CG,AMG,1e-12,,500,0,6,8,6,1,,,8000.0,nonlinear_cg,lumped_exchange_mass_cg8,True,True,True,True,False,/workspace/backends/fem/gpu/cuda/integrators/rk/rk_adaptive_decision_readback.cu,,True,085353a503c3377a241c56a4dda85ee23e3673e45c24fd6d6d6cb5892a4b9a1e,True,60,0.0,ok,0,4360.675,807,54,60,box500_airbox_exchange_demag,heun,nonlinear_cg,fixed,double,0.0,0.000000000000000e0,,,-1.8963232389050425e-17,5.883754518754821e-22,-1.961657563937504e-17,6.52754874872738e-19,0.0,0.0,torque,7552.357622107798,0.009490572489158695,2.220446049250313e-16,True,73.279112,0.079616,26.81438,0.012288,26.715052,0.0,26.715052,True,0.031744,0.055296,0.0,0.0,0.0,lumped_exchange_mass_cg8,8,1e-06,2.434934,119,1,2,120,1,False,,,,,0,60,"['step=1: proof unavailable', 'step=2: proof unavailable', 'step=3: proof unavailable', 'step=4: proof unavailable', 'step=5: proof unavailable', 'step=6: proof unavailable', 'step=7: proof unavailable', 'step=8: proof unavailable', 'step=9: proof unavailable', 'step=10: proof unavailable', 'step=11: proof unavailable', 'step=12: proof unavailable', 'step=13: proof unavailable', 'step=14: proof unavailable', 'step=15: proof unavailable', 'step=16: proof unavailable', 'step=17: proof unavailable', 'step=18: proof unavailable', 'step=19: proof unavailable', 'step=20: proof unavailable', 'step=21: proof unavailable', 'step=22: proof unavailable', 'step=23: proof unavailable', 'step=24: proof unavailable', 'step=25: proof unavailable', 'step=26: proof unavailable', 'step=27: proof unavailable', 'step=28: proof unavailable', 'step=29: proof unavailable', 'step=30: proof unavailable', 'step=31: proof unavailable', 'step=32: proof unavailable', 'step=33: proof unavailable', 'step=34: proof unavailable', 'step=35: proof unavailable', 'step=36: proof unavailable', 'step=37: proof unavailable', 'step=38: proof unavailable', 'step=39: proof unavailable', 'step=40: proof unavailable', 'step=41: proof unavailable', 'step=42: proof unavailable', 'step=43: proof unavailable', 'step=44: proof unavailable', 'step=45: proof unavailable', 'step=46: proof unavailable', 'step=47: proof unavailable', 'step=48: proof unavailable', 'step=49: proof unavailable', 'step=50: proof unavailable', 'step=51: proof unavailable', 'step=52: proof unavailable', 'step=53: proof unavailable', 'step=54: proof unavailable', 'step=55: proof unavailable', 'step=56: proof unavailable', 'step=57: proof unavailable', 'step=58: proof unavailable', 'step=59: proof unavailable', 'step=60: proof unavailable']",fem_native_gpu,legacy_sparse,all_in_gpu_legacy_sparse,device_source_of_truth,True,True,,181,0,0,519.32089,56.203813,0,0,0,0,31824,181,True,153,459,2,495059,281,True,production_executable,2,True,False,True,legacy_sparse_gpu,device_hypre_poisson,device,device,,ceed-cuda:/gpu/cuda/shared,1,1,CG,airbox,robin,100.0,dipole,2.0,AMG,mfem_hypre_boomeramg,6,8,6,1,,,1e-12,,500,1,explicit,CG,AMG,1e-12,,500,1,15,3.1858271247384207e-13,0,,,,,,0.000000000000000e0,3.961154274762222e4,6.889108218972044e3,0.0,0.0,True,compute_hot_loop_host_sync_count=0;stage_exchange_device_resident=true,3
fem_gpu,box500_airbox_exchange_demag,heun,nonlinear_cg,fixed,/workspace/.fullmag/runtimes/fem-gpu-host/bin/fullmag-fem-gpu,64,1e-13,1,900.0,/workspace/.fullmag/runtimes/fem-gpu-variants/hypre-baseline-9377ad32bc08279eee8218b61007407974cd13e0c7599462f07abf05376db29a,9377ad32bc08279eee8218b61007407974cd13e0c7599462f07abf05376db29a,e04b5d6066cf058222f4a5b3623765542227eec5b287bbd9ef7c46df219b5afc,c936d6cc9add692d9b1178ea9d10f3bc8267d321f045370453c5f9f488741a64,study_domain,/workspace/examples/assets/bench_box_200x50x10nm.mesh.json,medium,153,473,280,0,0,True,/usr/bin/python3,gpu,1,1,CG,AMG,1e-12,,500,0,6,8,6,1,,,8000.0,nonlinear_cg,stagnation_triggered_cg8,True,True,True,True,False,/workspace/backends/fem/gpu/cuda/integrators/rk/rk_adaptive_decision_readback.cu,,True,085353a503c3377a241c56a4dda85ee23e3673e45c24fd6d6d6cb5892a4b9a1e,True,60,0.0,ok,0,4093.197,807,54,60,box500_airbox_exchange_demag,heun,nonlinear_cg,fixed,double,0.0,0.000000000000000e0,,,-1.8963252240580343e-17,5.856622274669094e-22,-1.9616591953043925e-17,6.52754050236115e-19,0.0,0.0,torque,7536.391990092294,0.009470509484258765,2.220446049250313e-16,True,76.702976,0.025504,30.426787,0.039936,30.329699,0.0,30.329699,True,0.035648,0.021504,0.0,0.0,0.0,stagnation_triggered_cg8,0,0.0,0.0,1,1,2,120,1,False,,,,,0,60,"['step=1: proof unavailable', 'step=2: proof unavailable', 'step=3: proof unavailable', 'step=4: proof unavailable', 'step=5: proof unavailable', 'step=6: proof unavailable', 'step=7: proof unavailable', 'step=8: proof unavailable', 'step=9: proof unavailable', 'step=10: proof unavailable', 'step=11: proof unavailable', 'step=12: proof unavailable', 'step=13: proof unavailable', 'step=14: proof unavailable', 'step=15: proof unavailable', 'step=16: proof unavailable', 'step=17: proof unavailable', 'step=18: proof unavailable', 'step=19: proof unavailable', 'step=20: proof unavailable', 'step=21: proof unavailable', 'step=22: proof unavailable', 'step=23: proof unavailable', 'step=24: proof unavailable', 'step=25: proof unavailable', 'step=26: proof unavailable', 'step=27: proof unavailable', 'step=28: proof unavailable', 'step=29: proof unavailable', 'step=30: proof unavailable', 'step=31: proof unavailable', 'step=32: proof unavailable', 'step=33: proof unavailable', 'step=34: proof unavailable', 'step=35: proof unavailable', 'step=36: proof unavailable', 'step=37: proof unavailable', 'step=38: proof unavailable', 'step=39: proof unavailable', 'step=40: proof unavailable', 'step=41: proof unavailable', 'step=42: proof unavailable', 'step=43: proof unavailable', 'step=44: proof unavailable', 'step=45: proof unavailable', 'step=46: proof unavailable', 'step=47: proof unavailable', 'step=48: proof unavailable', 'step=49: proof unavailable', 'step=50: proof unavailable', 'step=51: proof unavailable', 'step=52: proof unavailable', 'step=53: proof unavailable', 'step=54: proof unavailable', 'step=55: proof unavailable', 'step=56: proof unavailable', 'step=57: proof unavailable', 'step=58: proof unavailable', 'step=59: proof unavailable', 'step=60: proof unavailable']",fem_native_gpu,legacy_sparse,all_in_gpu_legacy_sparse,device_source_of_truth,True,True,,181,0,0,570.049743,59.201721,0,0,0,0,31824,181,True,153,459,2,495059,281,True,production_executable,2,True,False,True,legacy_sparse_gpu,device_hypre_poisson,device,device,,ceed-cuda:/gpu/cuda/shared,1,1,CG,airbox,robin,100.0,dipole,2.0,AMG,mfem_hypre_boomeramg,6,8,6,1,,,1e-12,,500,1,explicit,CG,AMG,1e-12,,500,1,15,3.18577615345562e-13,0,,,,,,0.000000000000000e0,3.961584316681320e4,6.889019573761845e3,0.0,0.0,True,compute_hot_loop_host_sync_count=0;stage_exchange_device_resident=true,3
fem_gpu,box500_airbox_exchange_demag,heun,nonlinear_cg,fixed,/workspace/.fullmag/runtimes/fem-gpu-host/bin/fullmag-fem-gpu,64,1e-13,1,900.0,/workspace/.fullmag/runtimes/fem-gpu-variants/hypre-baseline-9377ad32bc08279eee8218b61007407974cd13e0c7599462f07abf05376db29a,9377ad32bc08279eee8218b61007407974cd13e0c7599462f07abf05376db29a,e04b5d6066cf058222f4a5b3623765542227eec5b287bbd9ef7c46df219b5afc,c936d6cc9add692d9b1178ea9d10f3bc8267d321f045370453c5f9f488741a64,study_domain,/workspace/examples/assets/bench_box_200x50x10nm.mesh.json,medium,153,473,280,0,0,True,/usr/bin/python3,gpu,1,1,CG,AMG,1e-12,,500,0,6,8,6,1,,,8000.0,nonlinear_cg,none,True,True,True,True,False,/workspace/backends/fem/gpu/cuda/integrators/rk/rk_adaptive_decision_readback.cu,,True,085353a503c3377a241c56a4dda85ee23e3673e45c24fd6d6d6cb5892a4b9a1e,True,60,0.0,ok,0,4613.465,807,54,60,box500_airbox_exchange_demag,heun,nonlinear_cg,fixed,double,0.0,0.000000000000000e0,,,-1.8963252908532273e-17,5.855038348521069e-22,-1.9616592526374063e-17,6.527541140069387e-19,0.0,0.0,torque,7536.254347902778,0.009470336517982202,2.220446049250313e-16,True,78.587744,0.027488,28.593899,0.038912,28.468971,0.0,28.468971,True,0.070656,0.01536,0.0,0.0,0.0,none,0,0.0,0.0,0,0,2,120,1,False,,,,,0,60,"['step=1: proof unavailable', 'step=2: proof unavailable', 'step=3: proof unavailable', 'step=4: proof unavailable', 'step=5: proof unavailable', 'step=6: proof unavailable', 'step=7: proof unavailable', 'step=8: proof unavailable', 'step=9: proof unavailable', 'step=10: proof unavailable', 'step=11: proof unavailable', 'step=12: proof unavailable', 'step=13: proof unavailable', 'step=14: proof unavailable', 'step=15: proof unavailable', 'step=16: proof unavailable', 'step=17: proof unavailable', 'step=18: proof unavailable', 'step=19: proof unavailable', 'step=20: proof unavailable', 'step=21: proof unavailable', 'step=22: proof unavailable', 'step=23: proof unavailable', 'step=24: proof unavailable', 'step=25: proof unavailable', 'step=26: proof unavailable', 'step=27: proof unavailable', 'step=28: proof unavailable', 'step=29: proof unavailable', 'step=30: proof unavailable', 'step=31: proof unavailable', 'step=32: proof unavailable', 'step=33: proof unavailable', 'step=34: proof unavailable', 'step=35: proof unavailable', 'step=36: proof unavailable', 'step=37: proof unavailable', 'step=38: proof unavailable', 'step=39: proof unavailable', 'step=40: proof unavailable', 'step=41: proof unavailable', 'step=42: proof unavailable', 'step=43: proof unavailable', 'step=44: proof unavailable', 'step=45: proof unavailable', 'step=46: proof unavailable', 'step=47: proof unavailable', 'step=48: proof unavailable', 'step=49: proof unavailable', 'step=50: proof unavailable', 'step=51: proof unavailable', 'step=52: proof unavailable', 'step=53: proof unavailable', 'step=54: proof unavailable', 'step=55: proof unavailable', 'step=56: proof unavailable', 'step=57: proof unavailable', 'step=58: proof unavailable', 'step=59: proof unavailable', 'step=60: proof unavailable']",fem_native_gpu,legacy_sparse,all_in_gpu_legacy_sparse,device_source_of_truth,True,True,,181,0,0,665.519182,70.545785,0,0,0,0,31824,181,True,153,459,2,495059,281,True,production_executable,2,True,False,True,legacy_sparse_gpu,device_hypre_poisson,device,device,,ceed-cuda:/gpu/cuda/shared,1,1,CG,airbox,robin,100.0,dipole,2.0,AMG,mfem_hypre_boomeramg,6,8,6,1,,,1e-12,,500,1,explicit,CG,AMG,1e-12,,500,1,15,3.18577492440427e-13,0,,,,,,0.000000000000000e0,3.961587170360798e4,6.889017594302506e3,0.0,0.0,True,compute_hot_loop_host_sync_count=0;stage_exchange_device_resident=true,4
fem_gpu,box500_airbox_exchange_demag,heun,nonlinear_cg,fixed,/workspace/.fullmag/runtimes/fem-gpu-host/bin/fullmag-fem-gpu,64,1e-13,1,900.0,/workspace/.fullmag/runtimes/fem-gpu-variants/hypre-baseline-9377ad32bc08279eee8218b61007407974cd13e0c7599462f07abf05376db29a,9377ad32bc08279eee8218b61007407974cd13e0c7599462f07abf05376db29a,e04b5d6066cf058222f4a5b3623765542227eec5b287bbd9ef7c46df219b5afc,c936d6cc9add692d9b1178ea9d10f3bc8267d321f045370453c5f9f488741a64,study_domain,/workspace/examples/assets/bench_box_200x50x10nm.mesh.json,medium,153,473,280,0,0,True,/usr/bin/python3,gpu,1,1,CG,AMG,1e-12,,500,0,6,8,6,1,,,8000.0,nonlinear_cg,diagonal_mass,True,True,True,True,False,/workspace/backends/fem/gpu/cuda/integrators/rk/rk_adaptive_decision_readback.cu,,True,085353a503c3377a241c56a4dda85ee23e3673e45c24fd6d6d6cb5892a4b9a1e,True,60,0.0,ok,0,4580.691,807,54,60,box500_airbox_exchange_demag,heun,nonlinear_cg,fixed,double,0.0,0.000000000000000e0,,,-1.8963252908532273e-17,5.855038348521069e-22,-1.9616592526374063e-17,6.527541140069387e-19,0.0,0.0,torque,7536.254347902778,0.009470336517982202,2.220446049250313e-16,True,98.670909,0.032768,41.580991,0.014336,41.505343,0.0,41.505343,True,0.039808,0.021504,0.0,0.0,0.0,diagonal_mass,0,0.0,0.166218,0,0,2,120,1,False,,,,,0,60,"['step=1: proof unavailable', 'step=2: proof unavailable', 'step=3: proof unavailable', 'step=4: proof unavailable', 'step=5: proof unavailable', 'step=6: proof unavailable', 'step=7: proof unavailable', 'step=8: proof unavailable', 'step=9: proof unavailable', 'step=10: proof unavailable', 'step=11: proof unavailable', 'step=12: proof unavailable', 'step=13: proof unavailable', 'step=14: proof unavailable', 'step=15: proof unavailable', 'step=16: proof unavailable', 'step=17: proof unavailable', 'step=18: proof unavailable', 'step=19: proof unavailable', 'step=20: proof unavailable', 'step=21: proof unavailable', 'step=22: proof unavailable', 'step=23: proof unavailable', 'step=24: proof unavailable', 'step=25: proof unavailable', 'step=26: proof unavailable', 'step=27: proof unavailable', 'step=28: proof unavailable', 'step=29: proof unavailable', 'step=30: proof unavailable', 'step=31: proof unavailable', 'step=32: proof unavailable', 'step=33: proof unavailable', 'step=34: proof unavailable', 'step=35: proof unavailable', 'step=36: proof unavailable', 'step=37: proof unavailable', 'step=38: proof unavailable', 'step=39: proof unavailable', 'step=40: proof unavailable', 'step=41: proof unavailable', 'step=42: proof unavailable', 'step=43: proof unavailable', 'step=44: proof unavailable', 'step=45: proof unavailable', 'step=46: proof unavailable', 'step=47: proof unavailable', 'step=48: proof unavailable', 'step=49: proof unavailable', 'step=50: proof unavailable', 'step=51: proof unavailable', 'step=52: proof unavailable', 'step=53: proof unavailable', 'step=54: proof unavailable', 'step=55: proof unavailable', 'step=56: proof unavailable', 'step=57: proof unavailable', 'step=58: proof unavailable', 'step=59: proof unavailable', 'step=60: proof unavailable']",fem_native_gpu,legacy_sparse,all_in_gpu_legacy_sparse,device_source_of_truth,True,True,,181,0,0,563.074572,59.697452,0,0,0,0,31824,181,True,153,459,2,495059,281,True,production_executable,2,True,False,True,legacy_sparse_gpu,device_hypre_poisson,device,device,,ceed-cuda:/gpu/cuda/shared,1,1,CG,airbox,robin,100.0,dipole,2.0,AMG,mfem_hypre_boomeramg,6,8,6,1,,,1e-12,,500,1,explicit,CG,AMG,1e-12,,500,1,15,3.18577492440427e-13,0,,,,,,0.000000000000000e0,3.961587170360798e4,6.889017594302506e3,0.0,0.0,True,compute_hot_loop_host_sync_count=0;stage_exchange_device_resident=true,4
fem_gpu,box500_airbox_exchange_demag,heun,nonlinear_cg,fixed,/workspace/.fullmag/runtimes/fem-gpu-host/bin/fullmag-fem-gpu,64,1e-13,1,900.0,/workspace/.fullmag/runtimes/fem-gpu-variants/hypre-baseline-9377ad32bc08279eee8218b61007407974cd13e0c7599462f07abf05376db29a,9377ad32bc08279eee8218b61007407974cd13e0c7599462f07abf05376db29a,e04b5d6066cf058222f4a5b3623765542227eec5b287bbd9ef7c46df219b5afc,c936d6cc9add692d9b1178ea9d10f3bc8267d321f045370453c5f9f488741a64,study_domain,/workspace/examples/assets/bench_box_200x50x10nm.mesh.json,medium,153,473,280,0,0,True,/usr/bin/python3,gpu,1,1,CG,AMG,1e-12,,500,0,6,8,6,1,,,8000.0,nonlinear_cg,lumped_exchange_mass_cg4,True,True,True,True,False,/workspace/backends/fem/gpu/cuda/integrators/rk/rk_adaptive_decision_readback.cu,,True,085353a503c3377a241c56a4dda85ee23e3673e45c24fd6d6d6cb5892a4b9a1e,True,64,0.0,ok,0,4460.268,851,52,64,box500_airbox_exchange_demag,heun,nonlinear_cg,fixed,double,0.0,0.000000000000000e0,,,-1.9057304297251148e-17,5.161744571660033e-22,-1.9715021055939015e-17,6.572005842307e-19,0.0,0.0,torque,7605.254724310347,0.009557044948228982,2.220446049250313e-16,True,75.11586,0.022528,28.500413,0.013312,28.395965,0.0,28.395965,True,0.036864,0.054272,0.0,0.0,0.0,lumped_exchange_mass_cg4,4,1e-06,1.229884,127,1,2,128,1,False,,,,,0,64,"['step=1: proof unavailable', 'step=2: proof unavailable', 'step=3: proof unavailable', 'step=4: proof unavailable', 'step=5: proof unavailable', 'step=6: proof unavailable', 'step=7: proof unavailable', 'step=8: proof unavailable', 'step=9: proof unavailable', 'step=10: proof unavailable', 'step=11: proof unavailable', 'step=12: proof unavailable', 'step=13: proof unavailable', 'step=14: proof unavailable', 'step=15: proof unavailable', 'step=16: proof unavailable', 'step=17: proof unavailable', 'step=18: proof unavailable', 'step=19: proof unavailable', 'step=20: proof unavailable', 'step=21: proof unavailable', 'step=22: proof unavailable', 'step=23: proof unavailable', 'step=24: proof unavailable', 'step=25: proof unavailable', 'step=26: proof unavailable', 'step=27: proof unavailable', 'step=28: proof unavailable', 'step=29: proof unavailable', 'step=30: proof unavailable', 'step=31: proof unavailable', 'step=32: proof unavailable', 'step=33: proof unavailable', 'step=34: proof unavailable', 'step=35: proof unavailable', 'step=36: proof unavailable', 'step=37: proof unavailable', 'step=38: proof unavailable', 'step=39: proof unavailable', 'step=40: proof unavailable', 'step=41: proof unavailable', 'step=42: proof unavailable', 'step=43: proof unavailable', 'step=44: proof unavailable', 'step=45: proof unavailable', 'step=46: proof unavailable', 'step=47: proof unavailable', 'step=48: proof unavailable', 'step=49: proof unavailable', 'step=50: proof unavailable', 'step=51: proof unavailable', 'step=52: proof unavailable', 'step=53: proof unavailable', 'step=54: proof unavailable', 'step=55: proof unavailable', 'step=56: proof unavailable', 'step=57: proof unavailable', 'step=58: proof unavailable', 'step=59: proof unavailable', 'step=60: proof unavailable', 'step=61: proof unavailable', 'step=62: proof unavailable', 'step=63: proof unavailable', 'step=64: proof unavailable']",fem_native_gpu,legacy_sparse,all_in_gpu_legacy_sparse,device_source_of_truth,True,True,,193,0,0,532.541066,57.773311,0,0,0,0,33936,193,True,153,459,2,495059,281,True,production_executable,2,True,False,True,legacy_sparse_gpu,device_hypre_poisson,device,device,,ceed-cuda:/gpu/cuda/shared,1,1,CG,airbox,robin,100.0,dipole,2.0,AMG,mfem_hypre_boomeramg,6,8,6,1,,,1e-12,,500,1,explicit,CG,AMG,1e-12,,500,1,15,3.1861456207666457e-13,0,,,,,,0.000000000000000e0,3.971133979166950e4,6.914439490817257e3,0.0,0.0,True,compute_hot_loop_host_sync_count=0;stage_exchange_device_resident=true,4
fem_gpu,box500_airbox_exchange_demag,heun,nonlinear_cg,fixed,/workspace/.fullmag/runtimes/fem-gpu-host/bin/fullmag-fem-gpu,64,1e-13,1,900.0,/workspace/.fullmag/runtimes/fem-gpu-variants/hypre-baseline-9377ad32bc08279eee8218b61007407974cd13e0c7599462f07abf05376db29a,9377ad32bc08279eee8218b61007407974cd13e0c7599462f07abf05376db29a,e04b5d6066cf058222f4a5b3623765542227eec5b287bbd9ef7c46df219b5afc,c936d6cc9add692d9b1178ea9d10f3bc8267d321f045370453c5f9f488741a64,study_domain,/workspace/examples/assets/bench_box_200x50x10nm.mesh.json,medium,153,473,280,0,0,True,/usr/bin/python3,gpu,1,1,CG,AMG,1e-12,,500,0,6,8,6,1,,,8000.0,nonlinear_cg,lumped_exchange_mass_cg8,True,True,True,True,False,/workspace/backends/fem/gpu/cuda/integrators/rk/rk_adaptive_decision_readback.cu,,True,085353a503c3377a241c56a4dda85ee23e3673e45c24fd6d6d6cb5892a4b9a1e,True,60,0.0,ok,0,4259.966,807,54,60,box500_airbox_exchange_demag,heun,nonlinear_cg,fixed,double,0.0,0.000000000000000e0,,,-1.8963232389050425e-17,5.883754518754821e-22,-1.961657563937504e-17,6.52754874872738e-19,0.0,0.0,torque,7552.357622107798,0.009490572489158695,2.220446049250313e-16,True,74.181923,0.027648,26.14778,0.008192,26.046436,0.0,26.046436,True,0.036832,0.05632,0.0,0.0,0.0,lumped_exchange_mass_cg8,8,1e-06,2.346138,119,1,2,120,1,False,,,,,0,60,"['step=1: proof unavailable', 'step=2: proof unavailable', 'step=3: proof unavailable', 'step=4: proof unavailable', 'step=5: proof unavailable', 'step=6: proof unavailable', 'step=7: proof unavailable', 'step=8: proof unavailable', 'step=9: proof unavailable', 'step=10: proof unavailable', 'step=11: proof unavailable', 'step=12: proof unavailable', 'step=13: proof unavailable', 'step=14: proof unavailable', 'step=15: proof unavailable', 'step=16: proof unavailable', 'step=17: proof unavailable', 'step=18: proof unavailable', 'step=19: proof unavailable', 'step=20: proof unavailable', 'step=21: proof unavailable', 'step=22: proof unavailable', 'step=23: proof unavailable', 'step=24: proof unavailable', 'step=25: proof unavailable', 'step=26: proof unavailable', 'step=27: proof unavailable', 'step=28: proof unavailable', 'step=29: proof unavailable', 'step=30: proof unavailable', 'step=31: proof unavailable', 'step=32: proof unavailable', 'step=33: proof unavailable', 'step=34: proof unavailable', 'step=35: proof unavailable', 'step=36: proof unavailable', 'step=37: proof unavailable', 'step=38: proof unavailable', 'step=39: proof unavailable', 'step=40: proof unavailable', 'step=41: proof unavailable', 'step=42: proof unavailable', 'step=43: proof unavailable', 'step=44: proof unavailable', 'step=45: proof unavailable', 'step=46: proof unavailable', 'step=47: proof unavailable', 'step=48: proof unavailable', 'step=49: proof unavailable', 'step=50: proof unavailable', 'step=51: proof unavailable', 'step=52: proof unavailable', 'step=53: proof unavailable', 'step=54: proof unavailable', 'step=55: proof unavailable', 'step=56: proof unavailable', 'step=57: proof unavailable', 'step=58: proof unavailable', 'step=59: proof unavailable', 'step=60: proof unavailable']",fem_native_gpu,legacy_sparse,all_in_gpu_legacy_sparse,device_source_of_truth,True,True,,181,0,0,569.164361,56.95158,0,0,0,0,31824,181,True,153,459,2,495059,281,True,production_executable,2,True,False,True,legacy_sparse_gpu,device_hypre_poisson,device,device,,ceed-cuda:/gpu/cuda/shared,1,1,CG,airbox,robin,100.0,dipole,2.0,AMG,mfem_hypre_boomeramg,6,8,6,1,,,1e-12,,500,1,explicit,CG,AMG,1e-12,,500,1,15,3.1858271247384207e-13,0,,,,,,0.000000000000000e0,3.961154274762222e4,6.889108218972044e3,0.0,0.0,True,compute_hot_loop_host_sync_count=0;stage_exchange_device_resident=true,4
fem_gpu,box500_airbox_exchange_demag,heun,nonlinear_cg,fixed,/workspace/.fullmag/runtimes/fem-gpu-host/bin/fullmag-fem-gpu,64,1e-13,1,900.0,/workspace/.fullmag/runtimes/fem-gpu-variants/hypre-baseline-9377ad32bc08279eee8218b61007407974cd13e0c7599462f07abf05376db29a,9377ad32bc08279eee8218b61007407974cd13e0c7599462f07abf05376db29a,e04b5d6066cf058222f4a5b3623765542227eec5b287bbd9ef7c46df219b5afc,c936d6cc9add692d9b1178ea9d10f3bc8267d321f045370453c5f9f488741a64,study_domain,/workspace/examples/assets/bench_box_200x50x10nm.mesh.json,medium,153,473,280,0,0,True,/usr/bin/python3,gpu,1,1,CG,AMG,1e-12,,500,0,6,8,6,1,,,8000.0,nonlinear_cg,stagnation_triggered_cg8,True,True,True,True,False,/workspace/backends/fem/gpu/cuda/integrators/rk/rk_adaptive_decision_readback.cu,,True,085353a503c3377a241c56a4dda85ee23e3673e45c24fd6d6d6cb5892a4b9a1e,True,60,0.0,ok,0,3985.135,807,54,60,box500_airbox_exchange_demag,heun,nonlinear_cg,fixed,double,0.0,0.000000000000000e0,,,-1.8963252240580343e-17,5.856622274669094e-22,-1.9616591953043925e-17,6.52754050236115e-19,0.0,0.0,torque,7536.391990092294,0.009470509484258765,2.220446049250313e-16,True,76.0316,0.088064,28.327852,0.01024,28.253996,0.0,28.253996,True,0.044032,0.019584,0.0,0.0,0.0,stagnation_triggered_cg8,0,0.0,0.0,1,1,2,120,1,False,,,,,0,60,"['step=1: proof unavailable', 'step=2: proof unavailable', 'step=3: proof unavailable', 'step=4: proof unavailable', 'step=5: proof unavailable', 'step=6: proof unavailable', 'step=7: proof unavailable', 'step=8: proof unavailable', 'step=9: proof unavailable', 'step=10: proof unavailable', 'step=11: proof unavailable', 'step=12: proof unavailable', 'step=13: proof unavailable', 'step=14: proof unavailable', 'step=15: proof unavailable', 'step=16: proof unavailable', 'step=17: proof unavailable', 'step=18: proof unavailable', 'step=19: proof unavailable', 'step=20: proof unavailable', 'step=21: proof unavailable', 'step=22: proof unavailable', 'step=23: proof unavailable', 'step=24: proof unavailable', 'step=25: proof unavailable', 'step=26: proof unavailable', 'step=27: proof unavailable', 'step=28: proof unavailable', 'step=29: proof unavailable', 'step=30: proof unavailable', 'step=31: proof unavailable', 'step=32: proof unavailable', 'step=33: proof unavailable', 'step=34: proof unavailable', 'step=35: proof unavailable', 'step=36: proof unavailable', 'step=37: proof unavailable', 'step=38: proof unavailable', 'step=39: proof unavailable', 'step=40: proof unavailable', 'step=41: proof unavailable', 'step=42: proof unavailable', 'step=43: proof unavailable', 'step=44: proof unavailable', 'step=45: proof unavailable', 'step=46: proof unavailable', 'step=47: proof unavailable', 'step=48: proof unavailable', 'step=49: proof unavailable', 'step=50: proof unavailable', 'step=51: proof unavailable', 'step=52: proof unavailable', 'step=53: proof unavailable', 'step=54: proof unavailable', 'step=55: proof unavailable', 'step=56: proof unavailable', 'step=57: proof unavailable', 'step=58: proof unavailable', 'step=59: proof unavailable', 'step=60: proof unavailable']",fem_native_gpu,legacy_sparse,all_in_gpu_legacy_sparse,device_source_of_truth,True,True,,181,0,0,538.2234,58.322141,0,0,0,0,31824,181,True,153,459,2,495059,281,True,production_executable,2,True,False,True,legacy_sparse_gpu,device_hypre_poisson,device,device,,ceed-cuda:/gpu/cuda/shared,1,1,CG,airbox,robin,100.0,dipole,2.0,AMG,mfem_hypre_boomeramg,6,8,6,1,,,1e-12,,500,1,explicit,CG,AMG,1e-12,,500,1,15,3.18577615345562e-13,0,,,,,,0.000000000000000e0,3.961584316681320e4,6.889019573761845e3,0.0,0.0,True,compute_hot_loop_host_sync_count=0;stage_exchange_device_resident=true,4
fem_gpu,box500_airbox_exchange_demag,heun,nonlinear_cg,fixed,/workspace/.fullmag/runtimes/fem-gpu-host/bin/fullmag-fem-gpu,64,1e-13,1,900.0,/workspace/.fullmag/runtimes/fem-gpu-variants/hypre-baseline-9377ad32bc08279eee8218b61007407974cd13e0c7599462f07abf05376db29a,9377ad32bc08279eee8218b61007407974cd13e0c7599462f07abf05376db29a,e04b5d6066cf058222f4a5b3623765542227eec5b287bbd9ef7c46df219b5afc,c936d6cc9add692d9b1178ea9d10f3bc8267d321f045370453c5f9f488741a64,study_domain,/workspace/examples/assets/bench_box_fine.mesh.json,fine,1200,5138,1504,0,0,True,/usr/bin/python3,gpu,1,1,CG,AMG,1e-12,,500,0,6,8,6,1,,,8000.0,nonlinear_cg,none,True,True,True,True,False,/workspace/backends/fem/gpu/cuda/integrators/rk/rk_adaptive_decision_readback.cu,,True,20a1851a39da191c61cf50006e72c4b977fa31a5a4cdf2dee1e037e93640d431,True,64,0.0,ok,0,7287.117,853,52,64,box500_airbox_exchange_demag,heun,nonlinear_cg,fixed,double,0.0,0.000000000000000e0,,,-1.5237216005888636e-17,7.481984851851914e-20,-1.8944423398748925e-17,3.63238754434177e-18,0.0,0.0,max_steps,7936.30419586973,0.009973053983359279,2.220446049250313e-16,False,140.518242,0.104448,56.249948,0.042752,56.1559,0.0,56.1559,True,0.043008,0.008288,0.0,0.0,0.0,none,0,0.0,0.0,0,0,2,128,1,False,,,,,0,64,"['step=1: proof unavailable', 'step=2: proof unavailable', 'step=3: proof unavailable', 'step=4: proof unavailable', 'step=5: proof unavailable', 'step=6: proof unavailable', 'step=7: proof unavailable', 'step=8: proof unavailable', 'step=9: proof unavailable', 'step=10: proof unavailable', 'step=11: proof unavailable', 'step=12: proof unavailable', 'step=13: proof unavailable', 'step=14: proof unavailable', 'step=15: proof unavailable', 'step=16: proof unavailable', 'step=17: proof unavailable', 'step=18: proof unavailable', 'step=19: proof unavailable', 'step=20: proof unavailable', 'step=21: proof unavailable', 'step=22: proof unavailable', 'step=23: proof unavailable', 'step=24: proof unavailable', 'step=25: proof unavailable', 'step=26: proof unavailable', 'step=27: proof unavailable', 'step=28: proof unavailable', 'step=29: proof unavailable', 'step=30: proof unavailable', 'step=31: proof unavailable', 'step=32: proof unavailable', 'step=33: proof unavailable', 'step=34: proof unavailable', 'step=35: proof unavailable', 'step=36: proof unavailable', 'step=37: proof unavailable', 'step=38: proof unavailable', 'step=39: proof unavailable', 'step=40: proof unavailable', 'step=41: proof unavailable', 'step=42: proof unavailable', 'step=43: proof unavailable', 'step=44: proof unavailable', 'step=45: proof unavailable', 'step=46: proof unavailable', 'step=47: proof unavailable', 'step=48: proof unavailable', 'step=49: proof unavailable', 'step=50: proof unavailable', 'step=51: proof unavailable', 'step=52: proof unavailable', 'step=53: proof unavailable', 'step=54: proof unavailable', 'step=55: proof unavailable', 'step=56: proof unavailable', 'step=57: proof unavailable', 'step=58: proof unavailable', 'step=59: proof unavailable', 'step=60: proof unavailable', 'step=61: proof unavailable', 'step=62: proof unavailable', 'step=63: proof unavailable', 'step=64: proof unavailable']",fem_native_gpu,legacy_sparse,all_in_gpu_legacy_sparse,device_source_of_truth,True,True,,193,0,0,694.096837,129.871846,0,0,0,0,33936,193,True,1200,3600,2,4684787,377,True,production_executable,2,True,False,True,legacy_sparse_gpu,device_hypre_poisson,device,device,,ceed-cuda:/gpu/cuda/shared,1,1,CG,airbox,robin,100.0,dipole,2.0,AMG,mfem_hypre_boomeramg,6,8,6,1,,,1e-12,,500,1,explicit,CG,AMG,1e-12,,500,1,23,6.361388364306805e-13,0,,,,,,0.000000000000000e0,3.889819362582265e4,4.234136635847161e4,0.0,0.0,True,compute_hot_loop_host_sync_count=0;stage_exchange_device_resident=true,0
fem_gpu,box500_airbox_exchange_demag,heun,nonlinear_cg,fixed,/workspace/.fullmag/runtimes/fem-gpu-host/bin/fullmag-fem-gpu,64,1e-13,1,900.0,/workspace/.fullmag/runtimes/fem-gpu-variants/hypre-baseline-9377ad32bc08279eee8218b61007407974cd13e0c7599462f07abf05376db29a,9377ad32bc08279eee8218b61007407974cd13e0c7599462f07abf05376db29a,e04b5d6066cf058222f4a5b3623765542227eec5b287bbd9ef7c46df219b5afc,c936d6cc9add692d9b1178ea9d10f3bc8267d321f045370453c5f9f488741a64,study_domain,/workspace/examples/assets/bench_box_fine.mesh.json,fine,1200,5138,1504,0,0,True,/usr/bin/python3,gpu,1,1,CG,AMG,1e-12,,500,0,6,8,6,1,,,8000.0,nonlinear_cg,diagonal_mass,True,True,True,True,False,/workspace/backends/fem/gpu/cuda/integrators/rk/rk_adaptive_decision_readback.cu,,True,20a1851a39da191c61cf50006e72c4b977fa31a5a4cdf2dee1e037e93640d431,True,64,0.0,ok,0,6890.334,853,52,64,box500_airbox_exchange_demag,heun,nonlinear_cg,fixed,double,0.0,0.000000000000000e0,,,-1.5237216005888636e-17,7.481984851851914e-20,-1.8944423398748925e-17,3.63238754434177e-18,0.0,0.0,max_steps,7936.30419586973,0.009973053983359279,2.220446049250313e-16,False,140.701279,0.031744,58.471998,0.01024,58.360382,0.0,58.360382,True,0.033792,0.067584,0.0,0.0,0.0,diagonal_mass,0,0.0,0.12439,0,0,2,128,1,False,,,,,0,64,"['step=1: proof unavailable', 'step=2: proof unavailable', 'step=3: proof unavailable', 'step=4: proof unavailable', 'step=5: proof unavailable', 'step=6: proof unavailable', 'step=7: proof unavailable', 'step=8: proof unavailable', 'step=9: proof unavailable', 'step=10: proof unavailable', 'step=11: proof unavailable', 'step=12: proof unavailable', 'step=13: proof unavailable', 'step=14: proof unavailable', 'step=15: proof unavailable', 'step=16: proof unavailable', 'step=17: proof unavailable', 'step=18: proof unavailable', 'step=19: proof unavailable', 'step=20: proof unavailable', 'step=21: proof unavailable', 'step=22: proof unavailable', 'step=23: proof unavailable', 'step=24: proof unavailable', 'step=25: proof unavailable', 'step=26: proof unavailable', 'step=27: proof unavailable', 'step=28: proof unavailable', 'step=29: proof unavailable', 'step=30: proof unavailable', 'step=31: proof unavailable', 'step=32: proof unavailable', 'step=33: proof unavailable', 'step=34: proof unavailable', 'step=35: proof unavailable', 'step=36: proof unavailable', 'step=37: proof unavailable', 'step=38: proof unavailable', 'step=39: proof unavailable', 'step=40: proof unavailable', 'step=41: proof unavailable', 'step=42: proof unavailable', 'step=43: proof unavailable', 'step=44: proof unavailable', 'step=45: proof unavailable', 'step=46: proof unavailable', 'step=47: proof unavailable', 'step=48: proof unavailable', 'step=49: proof unavailable', 'step=50: proof unavailable', 'step=51: proof unavailable', 'step=52: proof unavailable', 'step=53: proof unavailable', 'step=54: proof unavailable', 'step=55: proof unavailable', 'step=56: proof unavailable', 'step=57: proof unavailable', 'step=58: proof unavailable', 'step=59: proof unavailable', 'step=60: proof unavailable', 'step=61: proof unavailable', 'step=62: proof unavailable', 'step=63: proof unavailable', 'step=64: proof unavailable']",fem_native_gpu,legacy_sparse,all_in_gpu_legacy_sparse,device_source_of_truth,True,True,,193,0,0,661.394135,122.065871,0,0,0,0,33936,193,True,1200,3600,2,4684787,377,True,production_executable,2,True,False,True,legacy_sparse_gpu,device_hypre_poisson,device,device,,ceed-cuda:/gpu/cuda/shared,1,1,CG,airbox,robin,100.0,dipole,2.0,AMG,mfem_hypre_boomeramg,6,8,6,1,,,1e-12,,500,1,explicit,CG,AMG,1e-12,,500,1,23,6.361388364306805e-13,0,,,,,,0.000000000000000e0,3.889819362582265e4,4.234136635847161e4,0.0,0.0,True,compute_hot_loop_host_sync_count=0;stage_exchange_device_resident=true,0
fem_gpu,box500_airbox_exchange_demag,heun,nonlinear_cg,fixed,/workspace/.fullmag/runtimes/fem-gpu-host/bin/fullmag-fem-gpu,64,1e-13,1,900.0,/workspace/.fullmag/runtimes/fem-gpu-variants/hypre-baseline-9377ad32bc08279eee8218b61007407974cd13e0c7599462f07abf05376db29a,9377ad32bc08279eee8218b61007407974cd13e0c7599462f07abf05376db29a,e04b5d6066cf058222f4a5b3623765542227eec5b287bbd9ef7c46df219b5afc,c936d6cc9add692d9b1178ea9d10f3bc8267d321f045370453c5f9f488741a64,study_domain,/workspace/examples/assets/bench_box_fine.mesh.json,fine,1200,5138,1504,0,0,True,/usr/bin/python3,gpu,1,1,CG,AMG,1e-12,,500,0,6,8,6,1,,,8000.0,nonlinear_cg,lumped_exchange_mass_cg4,True,True,True,True,False,/workspace/backends/fem/gpu/cuda/integrators/rk/rk_adaptive_decision_readback.cu,,True,20a1851a39da191c61cf50006e72c4b977fa31a5a4cdf2dee1e037e93640d431,True,64,0.0,ok,0,7144.073,853,52,64,box500_airbox_exchange_demag,heun,nonlinear_cg,fixed,double,0.0,0.000000000000000e0,,,-1.5240701193497606e-17,7.479887799109448e-20,-1.8952032306626144e-17,3.636532235137444e-18,0.0,0.0,max_steps,10473.556116434967,0.013161458780941016,2.220446049250313e-16,False,152.007672,0.058368,62.046345,0.01024,61.930505,0.0,61.930505,True,0.041984,0.063616,0.0,0.0,0.0,lumped_exchange_mass_cg4,4,1e-06,1.217832,127,1,2,128,1,False,,,,,0,64,"['step=1: proof unavailable', 'step=2: proof unavailable', 'step=3: proof unavailable', 'step=4: proof unavailable', 'step=5: proof unavailable', 'step=6: proof unavailable', 'step=7: proof unavailable', 'step=8: proof unavailable', 'step=9: proof unavailable', 'step=10: proof unavailable', 'step=11: proof unavailable', 'step=12: proof unavailable', 'step=13: proof unavailable', 'step=14: proof unavailable', 'step=15: proof unavailable', 'step=16: proof unavailable', 'step=17: proof unavailable', 'step=18: proof unavailable', 'step=19: proof unavailable', 'step=20: proof unavailable', 'step=21: proof unavailable', 'step=22: proof unavailable', 'step=23: proof unavailable', 'step=24: proof unavailable', 'step=25: proof unavailable', 'step=26: proof unavailable', 'step=27: proof unavailable', 'step=28: proof unavailable', 'step=29: proof unavailable', 'step=30: proof unavailable', 'step=31: proof unavailable', 'step=32: proof unavailable', 'step=33: proof unavailable', 'step=34: proof unavailable', 'step=35: proof unavailable', 'step=36: proof unavailable', 'step=37: proof unavailable', 'step=38: proof unavailable', 'step=39: proof unavailable', 'step=40: proof unavailable', 'step=41: proof unavailable', 'step=42: proof unavailable', 'step=43: proof unavailable', 'step=44: proof unavailable', 'step=45: proof unavailable', 'step=46: proof unavailable', 'step=47: proof unavailable', 'step=48: proof unavailable', 'step=49: proof unavailable', 'step=50: proof unavailable', 'step=51: proof unavailable', 'step=52: proof unavailable', 'step=53: proof unavailable', 'step=54: proof unavailable', 'step=55: proof unavailable', 'step=56: proof unavailable', 'step=57: proof unavailable', 'step=58: proof unavailable', 'step=59: proof unavailable', 'step=60: proof unavailable', 'step=61: proof unavailable', 'step=62: proof unavailable', 'step=63: proof unavailable', 'step=64: proof unavailable']",fem_native_gpu,legacy_sparse,all_in_gpu_legacy_sparse,device_source_of_truth,True,True,,193,0,0,640.649533,137.067729,0,0,0,0,33936,193,True,1200,3600,2,4684787,377,True,production_executable,2,True,False,True,legacy_sparse_gpu,device_hypre_poisson,device,device,,ceed-cuda:/gpu/cuda/shared,1,1,CG,airbox,robin,100.0,dipole,2.0,AMG,mfem_hypre_boomeramg,6,8,6,1,,,1e-12,,500,1,explicit,CG,AMG,1e-12,,500,1,23,6.348584583300283e-13,0,,,,,,0.000000000000000e0,3.909135517924868e4,4.236190164286445e4,0.0,0.0,True,compute_hot_loop_host_sync_count=0;stage_exchange_device_resident=true,0
fem_gpu,box500_airbox_exchange_demag,heun,nonlinear_cg,fixed,/workspace/.fullmag/runtimes/fem-gpu-host/bin/fullmag-fem-gpu,64,1e-13,1,900.0,/workspace/.fullmag/runtimes/fem-gpu-variants/hypre-baseline-9377ad32bc08279eee8218b61007407974cd13e0c7599462f07abf05376db29a,9377ad32bc08279eee8218b61007407974cd13e0c7599462f07abf05376db29a,e04b5d6066cf058222f4a5b3623765542227eec5b287bbd9ef7c46df219b5afc,c936d6cc9add692d9b1178ea9d10f3bc8267d321f045370453c5f9f488741a64,study_domain,/workspace/examples/assets/bench_box_fine.mesh.json,fine,1200,5138,1504,0,0,True,/usr/bin/python3,gpu,1,1,CG,AMG,1e-12,,500,0,6,8,6,1,,,8000.0,nonlinear_cg,lumped_exchange_mass_cg8,True,True,True,True,False,/workspace/backends/fem/gpu/cuda/integrators/rk/rk_adaptive_decision_readback.cu,,True,20a1851a39da191c61cf50006e72c4b977fa31a5a4cdf2dee1e037e93640d431,True,64,0.0,ok,0,6980.094,853,52,64,box500_airbox_exchange_demag,heun,nonlinear_cg,fixed,double,0.0,0.000000000000000e0,,,-1.5237569466097592e-17,7.428779079812061e-20,-1.89449770093871e-17,3.633119752491386e-18,0.0,0.0,max_steps,8025.774085931665,0.010085485163093702,2.220446049250313e-16,False,150.673591,0.03584,62.067862,0.01024,61.976822,0.0,61.976822,True,0.067488,0.013312,0.0,0.0,0.0,lumped_exchange_mass_cg8,8,1e-06,3.080741,127,1,2,128,1,False,,,,,0,64,"['step=1: proof unavailable', 'step=2: proof unavailable', 'step=3: proof unavailable', 'step=4: proof unavailable', 'step=5: proof unavailable', 'step=6: proof unavailable', 'step=7: proof unavailable', 'step=8: proof unavailable', 'step=9: proof unavailable', 'step=10: proof unavailable', 'step=11: proof unavailable', 'step=12: proof unavailable', 'step=13: proof unavailable', 'step=14: proof unavailable', 'step=15: proof unavailable', 'step=16: proof unavailable', 'step=17: proof unavailable', 'step=18: proof unavailable', 'step=19: proof unavailable', 'step=20: proof unavailable', 'step=21: proof unavailable', 'step=22: proof unavailable', 'step=23: proof unavailable', 'step=24: proof unavailable', 'step=25: proof unavailable', 'step=26: proof unavailable', 'step=27: proof unavailable', 'step=28: proof unavailable', 'step=29: proof unavailable', 'step=30: proof unavailable', 'step=31: proof unavailable', 'step=32: proof unavailable', 'step=33: proof unavailable', 'step=34: proof unavailable', 'step=35: proof unavailable', 'step=36: proof unavailable', 'step=37: proof unavailable', 'step=38: proof unavailable', 'step=39: proof unavailable', 'step=40: proof unavailable', 'step=41: proof unavailable', 'step=42: proof unavailable', 'step=43: proof unavailable', 'step=44: proof unavailable', 'step=45: proof unavailable', 'step=46: proof unavailable', 'step=47: proof unavailable', 'step=48: proof unavailable', 'step=49: proof unavailable', 'step=50: proof unavailable', 'step=51: proof unavailable', 'step=52: proof unavailable', 'step=53: proof unavailable', 'step=54: proof unavailable', 'step=55: proof unavailable', 'step=56: proof unavailable', 'step=57: proof unavailable', 'step=58: proof unavailable', 'step=59: proof unavailable', 'step=60: proof unavailable', 'step=61: proof unavailable', 'step=62: proof unavailable', 'step=63: proof unavailable', 'step=64: proof unavailable']",fem_native_gpu,legacy_sparse,all_in_gpu_legacy_sparse,device_source_of_truth,True,True,,193,0,0,620.329629,119.869715,0,0,0,0,33936,193,True,1200,3600,2,4684787,377,True,production_executable,2,True,False,True,legacy_sparse_gpu,device_hypre_poisson,device,device,,ceed-cuda:/gpu/cuda/shared,1,1,CG,airbox,robin,100.0,dipole,2.0,AMG,mfem_hypre_boomeramg,6,8,6,1,,,1e-12,,500,1,explicit,CG,AMG,1e-12,,500,1,23,6.363308847449568e-13,0,,,,,,0.000000000000000e0,3.888992091908916e4,4.235060865830186e4,0.0,0.0,True,compute_hot_loop_host_sync_count=0;stage_exchange_device_resident=true,0
fem_gpu,box500_airbox_exchange_demag,heun,nonlinear_cg,fixed,/workspace/.fullmag/runtimes/fem-gpu-host/bin/fullmag-fem-gpu,64,1e-13,1,900.0,/workspace/.fullmag/runtimes/fem-gpu-variants/hypre-baseline-9377ad32bc08279eee8218b61007407974cd13e0c7599462f07abf05376db29a,9377ad32bc08279eee8218b61007407974cd13e0c7599462f07abf05376db29a,e04b5d6066cf058222f4a5b3623765542227eec5b287bbd9ef7c46df219b5afc,c936d6cc9add692d9b1178ea9d10f3bc8267d321f045370453c5f9f488741a64,study_domain,/workspace/examples/assets/bench_box_fine.mesh.json,fine,1200,5138,1504,0,0,True,/usr/bin/python3,gpu,1,1,CG,AMG,1e-12,,500,0,6,8,6,1,,,8000.0,nonlinear_cg,stagnation_triggered_cg8,True,True,True,True,False,/workspace/backends/fem/gpu/cuda/integrators/rk/rk_adaptive_decision_readback.cu,,True,20a1851a39da191c61cf50006e72c4b977fa31a5a4cdf2dee1e037e93640d431,True,64,0.0,ok,0,6768.501,853,52,64,box500_airbox_exchange_demag,heun,nonlinear_cg,fixed,double,0.0,0.000000000000000e0,,,-1.5237218962881163e-17,7.48113049286165e-20,-1.8944428537259427e-17,3.632398269449647e-18,0.0,0.0,max_steps,7936.639020713339,0.009973474736666847,2.220446049250313e-16,False,146.034423,0.033792,63.924733,0.009952,63.802141,0.0,63.802141,True,0.038912,0.073728,0.0,0.0,0.0,stagnation_triggered_cg8,0,0.0,0.0,1,1,2,128,1,False,,,,,0,64,"['step=1: proof unavailable', 'step=2: proof unavailable', 'step=3: proof unavailable', 'step=4: proof unavailable', 'step=5: proof unavailable', 'step=6: proof unavailable', 'step=7: proof unavailable', 'step=8: proof unavailable', 'step=9: proof unavailable', 'step=10: proof unavailable', 'step=11: proof unavailable', 'step=12: proof unavailable', 'step=13: proof unavailable', 'step=14: proof unavailable', 'step=15: proof unavailable', 'step=16: proof unavailable', 'step=17: proof unavailable', 'step=18: proof unavailable', 'step=19: proof unavailable', 'step=20: proof unavailable', 'step=21: proof unavailable', 'step=22: proof unavailable', 'step=23: proof unavailable', 'step=24: proof unavailable', 'step=25: proof unavailable', 'step=26: proof unavailable', 'step=27: proof unavailable', 'step=28: proof unavailable', 'step=29: proof unavailable', 'step=30: proof unavailable', 'step=31: proof unavailable', 'step=32: proof unavailable', 'step=33: proof unavailable', 'step=34: proof unavailable', 'step=35: proof unavailable', 'step=36: proof unavailable', 'step=37: proof unavailable', 'step=38: proof unavailable', 'step=39: proof unavailable', 'step=40: proof unavailable', 'step=41: proof unavailable', 'step=42: proof unavailable', 'step=43: proof unavailable', 'step=44: proof unavailable', 'step=45: proof unavailable', 'step=46: proof unavailable', 'step=47: proof unavailable', 'step=48: proof unavailable', 'step=49: proof unavailable', 'step=50: proof unavailable', 'step=51: proof unavailable', 'step=52: proof unavailable', 'step=53: proof unavailable', 'step=54: proof unavailable', 'step=55: proof unavailable', 'step=56: proof unavailable', 'step=57: proof unavailable', 'step=58: proof unavailable', 'step=59: proof unavailable', 'step=60: proof unavailable', 'step=61: proof unavailable', 'step=62: proof unavailable', 'step=63: proof unavailable', 'step=64: proof unavailable']",fem_native_gpu,legacy_sparse,all_in_gpu_legacy_sparse,device_source_of_truth,True,True,,193,0,0,641.424234,131.002787,0,0,0,0,33936,193,True,1200,3600,2,4684787,377,True,production_executable,2,True,False,True,legacy_sparse_gpu,device_hypre_poisson,device,device,,ceed-cuda:/gpu/cuda/shared,1,1,CG,airbox,robin,100.0,dipole,2.0,AMG,mfem_hypre_boomeramg,6,8,6,1,,,1e-12,,500,1,explicit,CG,AMG,1e-12,,500,1,23,6.361428876273475e-13,0,,,,,,0.000000000000000e0,3.889826657834894e4,4.234150369823354e4,0.0,0.0,True,compute_hot_loop_host_sync_count=0;stage_exchange_device_resident=true,0
fem_gpu,box500_airbox_exchange_demag,heun,nonlinear_cg,fixed,/workspace/.fullmag/runtimes/fem-gpu-host/bin/fullmag-fem-gpu,64,1e-13,1,900.0,/workspace/.fullmag/runtimes/fem-gpu-variants/hypre-baseline-9377ad32bc08279eee8218b61007407974cd13e0c7599462f07abf05376db29a,9377ad32bc08279eee8218b61007407974cd13e0c7599462f07abf05376db29a,e04b5d6066cf058222f4a5b3623765542227eec5b287bbd9ef7c46df219b5afc,c936d6cc9add692d9b1178ea9d10f3bc8267d321f045370453c5f9f488741a64,study_domain,/workspace/examples/assets/bench_box_fine.mesh.json,fine,1200,5138,1504,0,0,True,/usr/bin/python3,gpu,1,1,CG,AMG,1e-12,,500,0,6,8,6,1,,,8000.0,nonlinear_cg,none,True,True,True,True,False,/workspace/backends/fem/gpu/cuda/integrators/rk/rk_adaptive_decision_readback.cu,,True,20a1851a39da191c61cf50006e72c4b977fa31a5a4cdf2dee1e037e93640d431,True,64,0.0,ok,0,6871.978,853,52,64,box500_airbox_exchange_demag,heun,nonlinear_cg,fixed,double,0.0,0.000000000000000e0,,,-1.5237216005888636e-17,7.481984851851914e-20,-1.8944423398748925e-17,3.63238754434177e-18,0.0,0.0,max_steps,7936.30419586973,0.009973053983359279,2.220446049250313e-16,False,150.211134,0.095136,61.786609,0.012128,61.726417,0.0,61.726417,True,0.040896,0.007168,0.0,0.0,0.0,none,0,0.0,0.0,0,0,2,128,1,False,,,,,0,64,"['step=1: proof unavailable', 'step=2: proof unavailable', 'step=3: proof unavailable', 'step=4: proof unavailable', 'step=5: proof unavailable', 'step=6: proof unavailable', 'step=7: proof unavailable', 'step=8: proof unavailable', 'step=9: proof unavailable', 'step=10: proof unavailable', 'step=11: proof unavailable', 'step=12: proof unavailable', 'step=13: proof unavailable', 'step=14: proof unavailable', 'step=15: proof unavailable', 'step=16: proof unavailable', 'step=17: proof unavailable', 'step=18: proof unavailable', 'step=19: proof unavailable', 'step=20: proof unavailable', 'step=21: proof unavailable', 'step=22: proof unavailable', 'step=23: proof unavailable', 'step=24: proof unavailable', 'step=25: proof unavailable', 'step=26: proof unavailable', 'step=27: proof unavailable', 'step=28: proof unavailable', 'step=29: proof unavailable', 'step=30: proof unavailable', 'step=31: proof unavailable', 'step=32: proof unavailable', 'step=33: proof unavailable', 'step=34: proof unavailable', 'step=35: proof unavailable', 'step=36: proof unavailable', 'step=37: proof unavailable', 'step=38: proof unavailable', 'step=39: proof unavailable', 'step=40: proof unavailable', 'step=41: proof unavailable', 'step=42: proof unavailable', 'step=43: proof unavailable', 'step=44: proof unavailable', 'step=45: proof unavailable', 'step=46: proof unavailable', 'step=47: proof unavailable', 'step=48: proof unavailable', 'step=49: proof unavailable', 'step=50: proof unavailable', 'step=51: proof unavailable', 'step=52: proof unavailable', 'step=53: proof unavailable', 'step=54: proof unavailable', 'step=55: proof unavailable', 'step=56: proof unavailable', 'step=57: proof unavailable', 'step=58: proof unavailable', 'step=59: proof unavailable', 'step=60: proof unavailable', 'step=61: proof unavailable', 'step=62: proof unavailable', 'step=63: proof unavailable', 'step=64: proof unavailable']",fem_native_gpu,legacy_sparse,all_in_gpu_legacy_sparse,device_source_of_truth,True,True,,193,0,0,649.471548,140.402173,0,0,0,0,33936,193,True,1200,3600,2,4684787,377,True,production_executable,2,True,False,True,legacy_sparse_gpu,device_hypre_poisson,device,device,,ceed-cuda:/gpu/cuda/shared,1,1,CG,airbox,robin,100.0,dipole,2.0,AMG,mfem_hypre_boomeramg,6,8,6,1,,,1e-12,,500,1,explicit,CG,AMG,1e-12,,500,1,23,6.361388364306805e-13,0,,,,,,0.000000000000000e0,3.889819362582265e4,4.234136635847161e4,0.0,0.0,True,compute_hot_loop_host_sync_count=0;stage_exchange_device_resident=true,1
fem_gpu,box500_airbox_exchange_demag,heun,nonlinear_cg,fixed,/workspace/.fullmag/runtimes/fem-gpu-host/bin/fullmag-fem-gpu,64,1e-13,1,900.0,/workspace/.fullmag/runtimes/fem-gpu-variants/hypre-baseline-9377ad32bc08279eee8218b61007407974cd13e0c7599462f07abf05376db29a,9377ad32bc08279eee8218b61007407974cd13e0c7599462f07abf05376db29a,e04b5d6066cf058222f4a5b3623765542227eec5b287bbd9ef7c46df219b5afc,c936d6cc9add692d9b1178ea9d10f3bc8267d321f045370453c5f9f488741a64,study_domain,/workspace/examples/assets/bench_box_fine.mesh.json,fine,1200,5138,1504,0,0,True,/usr/bin/python3,gpu,1,1,CG,AMG,1e-12,,500,0,6,8,6,1,,,8000.0,nonlinear_cg,diagonal_mass,True,True,True,True,False,/workspace/backends/fem/gpu/cuda/integrators/rk/rk_adaptive_decision_readback.cu,,True,20a1851a39da191c61cf50006e72c4b977fa31a5a4cdf2dee1e037e93640d431,True,64,0.0,ok,0,6842.855,853,52,64,box500_airbox_exchange_demag,heun,nonlinear_cg,fixed,double,0.0,0.000000000000000e0,,,-1.5237216005888636e-17,7.481984851851914e-20,-1.8944423398748925e-17,3.63238754434177e-18,0.0,0.0,max_steps,7936.30419586973,0.009973053983359279,2.220446049250313e-16,False,141.851941,0.03456,58.90448,0.011264,58.797984,0.0,58.797984,True,0.032768,0.062464,0.0,0.0,0.0,diagonal_mass,0,0.0,0.105773,0,0,2,128,1,False,,,,,0,64,"['step=1: proof unavailable', 'step=2: proof unavailable', 'step=3: proof unavailable', 'step=4: proof unavailable', 'step=5: proof unavailable', 'step=6: proof unavailable', 'step=7: proof unavailable', 'step=8: proof unavailable', 'step=9: proof unavailable', 'step=10: proof unavailable', 'step=11: proof unavailable', 'step=12: proof unavailable', 'step=13: proof unavailable', 'step=14: proof unavailable', 'step=15: proof unavailable', 'step=16: proof unavailable', 'step=17: proof unavailable', 'step=18: proof unavailable', 'step=19: proof unavailable', 'step=20: proof unavailable', 'step=21: proof unavailable', 'step=22: proof unavailable', 'step=23: proof unavailable', 'step=24: proof unavailable', 'step=25: proof unavailable', 'step=26: proof unavailable', 'step=27: proof unavailable', 'step=28: proof unavailable', 'step=29: proof unavailable', 'step=30: proof unavailable', 'step=31: proof unavailable', 'step=32: proof unavailable', 'step=33: proof unavailable', 'step=34: proof unavailable', 'step=35: proof unavailable', 'step=36: proof unavailable', 'step=37: proof unavailable', 'step=38: proof unavailable', 'step=39: proof unavailable', 'step=40: proof unavailable', 'step=41: proof unavailable', 'step=42: proof unavailable', 'step=43: proof unavailable', 'step=44: proof unavailable', 'step=45: proof unavailable', 'step=46: proof unavailable', 'step=47: proof unavailable', 'step=48: proof unavailable', 'step=49: proof unavailable', 'step=50: proof unavailable', 'step=51: proof unavailable', 'step=52: proof unavailable', 'step=53: proof unavailable', 'step=54: proof unavailable', 'step=55: proof unavailable', 'step=56: proof unavailable', 'step=57: proof unavailable', 'step=58: proof unavailable', 'step=59: proof unavailable', 'step=60: proof unavailable', 'step=61: proof unavailable', 'step=62: proof unavailable', 'step=63: proof unavailable', 'step=64: proof unavailable']",fem_native_gpu,legacy_sparse,all_in_gpu_legacy_sparse,device_source_of_truth,True,True,,193,0,0,638.958769,138.798484,0,0,0,0,33936,193,True,1200,3600,2,4684787,377,True,production_executable,2,True,False,True,legacy_sparse_gpu,device_hypre_poisson,device,device,,ceed-cuda:/gpu/cuda/shared,1,1,CG,airbox,robin,100.0,dipole,2.0,AMG,mfem_hypre_boomeramg,6,8,6,1,,,1e-12,,500,1,explicit,CG,AMG,1e-12,,500,1,23,6.361388364306805e-13,0,,,,,,0.000000000000000e0,3.889819362582265e4,4.234136635847161e4,0.0,0.0,True,compute_hot_loop_host_sync_count=0;stage_exchange_device_resident=true,1
fem_gpu,box500_airbox_exchange_demag,heun,nonlinear_cg,fixed,/workspace/.fullmag/runtimes/fem-gpu-host/bin/fullmag-fem-gpu,64,1e-13,1,900.0,/workspace/.fullmag/runtimes/fem-gpu-variants/hypre-baseline-9377ad32bc08279eee8218b61007407974cd13e0c7599462f07abf05376db29a,9377ad32bc08279eee8218b61007407974cd13e0c7599462f07abf05376db29a,e04b5d6066cf058222f4a5b3623765542227eec5b287bbd9ef7c46df219b5afc,c936d6cc9add692d9b1178ea9d10f3bc8267d321f045370453c5f9f488741a64,study_domain,/workspace/examples/assets/bench_box_fine.mesh.json,fine,1200,5138,1504,0,0,True,/usr/bin/python3,gpu,1,1,CG,AMG,1e-12,,500,0,6,8,6,1,,,8000.0,nonlinear_cg,lumped_exchange_mass_cg4,True,True,True,True,False,/workspace/backends/fem/gpu/cuda/integrators/rk/rk_adaptive_decision_readback.cu,,True,20a1851a39da191c61cf50006e72c4b977fa31a5a4cdf2dee1e037e93640d431,True,64,0.0,ok,0,6670.759,853,52,64,box500_airbox_exchange_demag,heun,nonlinear_cg,fixed,double,0.0,0.000000000000000e0,,,-1.5240701193497606e-17,7.479887799109448e-20,-1.8952032306626144e-17,3.636532235137444e-18,0.0,0.0,max_steps,10473.556116434967,0.013161458780941016,2.220446049250313e-16,False,148.391828,0.031744,63.10144,0.01024,62.948864,0.0,62.948864,True,0.047008,0.095328,0.0,0.0,0.0,lumped_exchange_mass_cg4,4,1e-06,1.356475,127,1,2,128,1,False,,,,,0,64,"['step=1: proof unavailable', 'step=2: proof unavailable', 'step=3: proof unavailable', 'step=4: proof unavailable', 'step=5: proof unavailable', 'step=6: proof unavailable', 'step=7: proof unavailable', 'step=8: proof unavailable', 'step=9: proof unavailable', 'step=10: proof unavailable', 'step=11: proof unavailable', 'step=12: proof unavailable', 'step=13: proof unavailable', 'step=14: proof unavailable', 'step=15: proof unavailable', 'step=16: proof unavailable', 'step=17: proof unavailable', 'step=18: proof unavailable', 'step=19: proof unavailable', 'step=20: proof unavailable', 'step=21: proof unavailable', 'step=22: proof unavailable', 'step=23: proof unavailable', 'step=24: proof unavailable', 'step=25: proof unavailable', 'step=26: proof unavailable', 'step=27: proof unavailable', 'step=28: proof unavailable', 'step=29: proof unavailable', 'step=30: proof unavailable', 'step=31: proof unavailable', 'step=32: proof unavailable', 'step=33: proof unavailable', 'step=34: proof unavailable', 'step=35: proof unavailable', 'step=36: proof unavailable', 'step=37: proof unavailable', 'step=38: proof unavailable', 'step=39: proof unavailable', 'step=40: proof unavailable', 'step=41: proof unavailable', 'step=42: proof unavailable', 'step=43: proof unavailable', 'step=44: proof unavailable', 'step=45: proof unavailable', 'step=46: proof unavailable', 'step=47: proof unavailable', 'step=48: proof unavailable', 'step=49: proof unavailable', 'step=50: proof unavailable', 'step=51: proof unavailable', 'step=52: proof unavailable', 'step=53: proof unavailable', 'step=54: proof unavailable', 'step=55: proof unavailable', 'step=56: proof unavailable', 'step=57: proof unavailable', 'step=58: proof unavailable', 'step=59: proof unavailable', 'step=60: proof unavailable', 'step=61: proof unavailable', 'step=62: proof unavailable', 'step=63: proof unavailable', 'step=64: proof unavailable']",fem_native_gpu,legacy_sparse,all_in_gpu_legacy_sparse,device_source_of_truth,True,True,,193,0,0,622.357865,124.229843,0,0,0,0,33936,193,True,1200,3600,2,4684787,377,True,production_executable,2,True,False,True,legacy_sparse_gpu,device_hypre_poisson,device,device,,ceed-cuda:/gpu/cuda/shared,1,1,CG,airbox,robin,100.0,dipole,2.0,AMG,mfem_hypre_boomeramg,6,8,6,1,,,1e-12,,500,1,explicit,CG,AMG,1e-12,,500,1,23,6.348584583300283e-13,0,,,,,,0.000000000000000e0,3.909135517924868e4,4.236190164286445e4,0.0,0.0,True,compute_hot_loop_host_sync_count=0;stage_exchange_device_resident=true,1
fem_gpu,box500_airbox_exchange_demag,heun,nonlinear_cg,fixed,/workspace/.fullmag/runtimes/fem-gpu-host/bin/fullmag-fem-gpu,64,1e-13,1,900.0,/workspace/.fullmag/runtimes/fem-gpu-variants/hypre-baseline-9377ad32bc08279eee8218b61007407974cd13e0c7599462f07abf05376db29a,9377ad32bc08279eee8218b61007407974cd13e0c7599462f07abf05376db29a,e04b5d6066cf058222f4a5b3623765542227eec5b287bbd9ef7c46df219b5afc,c936d6cc9add692d9b1178ea9d10f3bc8267d321f045370453c5f9f488741a64,study_domain,/workspace/examples/assets/bench_box_fine.mesh.json,fine,1200,5138,1504,0,0,True,/usr/bin/python3,gpu,1,1,CG,AMG,1e-12,,500,0,6,8,6,1,,,8000.0,nonlinear_cg,lumped_exchange_mass_cg8,True,True,True,True,False,/workspace/backends/fem/gpu/cuda/integrators/rk/rk_adaptive_decision_readback.cu,,True,20a1851a39da191c61cf50006e72c4b977fa31a5a4cdf2dee1e037e93640d431,True,64,0.0,ok,0,6979.769,853,52,64,box500_airbox_exchange_demag,heun,nonlinear_cg,fixed,double,0.0,0.000000000000000e0,,,-1.5237569466097592e-17,7.428779079812061e-20,-1.89449770093871e-17,3.633119752491386e-18,0.0,0.0,max_steps,8025.774085931665,0.010085485163093702,2.220446049250313e-16,False,145.655191,0.109568,60.834994,0.01616,60.571858,0.0,60.571858,True,0.146432,0.100544,0.0,0.0,0.0,lumped_exchange_mass_cg8,8,1e-06,2.654669,127,1,2,128,1,False,,,,,0,64,"['step=1: proof unavailable', 'step=2: proof unavailable', 'step=3: proof unavailable', 'step=4: proof unavailable', 'step=5: proof unavailable', 'step=6: proof unavailable', 'step=7: proof unavailable', 'step=8: proof unavailable', 'step=9: proof unavailable', 'step=10: proof unavailable', 'step=11: proof unavailable', 'step=12: proof unavailable', 'step=13: proof unavailable', 'step=14: proof unavailable', 'step=15: proof unavailable', 'step=16: proof unavailable', 'step=17: proof unavailable', 'step=18: proof unavailable', 'step=19: proof unavailable', 'step=20: proof unavailable', 'step=21: proof unavailable', 'step=22: proof unavailable', 'step=23: proof unavailable', 'step=24: proof unavailable', 'step=25: proof unavailable', 'step=26: proof unavailable', 'step=27: proof unavailable', 'step=28: proof unavailable', 'step=29: proof unavailable', 'step=30: proof unavailable', 'step=31: proof unavailable', 'step=32: proof unavailable', 'step=33: proof unavailable', 'step=34: proof unavailable', 'step=35: proof unavailable', 'step=36: proof unavailable', 'step=37: proof unavailable', 'step=38: proof unavailable', 'step=39: proof unavailable', 'step=40: proof unavailable', 'step=41: proof unavailable', 'step=42: proof unavailable', 'step=43: proof unavailable', 'step=44: proof unavailable', 'step=45: proof unavailable', 'step=46: proof unavailable', 'step=47: proof unavailable', 'step=48: proof unavailable', 'step=49: proof unavailable', 'step=50: proof unavailable', 'step=51: proof unavailable', 'step=52: proof unavailable', 'step=53: proof unavailable', 'step=54: proof unavailable', 'step=55: proof unavailable', 'step=56: proof unavailable', 'step=57: proof unavailable', 'step=58: proof unavailable', 'step=59: proof unavailable', 'step=60: proof unavailable', 'step=61: proof unavailable', 'step=62: proof unavailable', 'step=63: proof unavailable', 'step=64: proof unavailable']",fem_native_gpu,legacy_sparse,all_in_gpu_legacy_sparse,device_source_of_truth,True,True,,193,0,0,647.163997,134.700181,0,0,0,0,33936,193,True,1200,3600,2,4684787,377,True,production_executable,2,True,False,True,legacy_sparse_gpu,device_hypre_poisson,device,device,,ceed-cuda:/gpu/cuda/shared,1,1,CG,airbox,robin,100.0,dipole,2.0,AMG,mfem_hypre_boomeramg,6,8,6,1,,,1e-12,,500,1,explicit,CG,AMG,1e-12,,500,1,23,6.363308847449568e-13,0,,,,,,0.000000000000000e0,3.888992091908916e4,4.235060865830186e4,0.0,0.0,True,compute_hot_loop_host_sync_count=0;stage_exchange_device_resident=true,1
fem_gpu,box500_airbox_exchange_demag,heun,nonlinear_cg,fixed,/workspace/.fullmag/runtimes/fem-gpu-host/bin/fullmag-fem-gpu,64,1e-13,1,900.0,/workspace/.fullmag/runtimes/fem-gpu-variants/hypre-baseline-9377ad32bc08279eee8218b61007407974cd13e0c7599462f07abf05376db29a,9377ad32bc08279eee8218b61007407974cd13e0c7599462f07abf05376db29a,e04b5d6066cf058222f4a5b3623765542227eec5b287bbd9ef7c46df219b5afc,c936d6cc9add692d9b1178ea9d10f3bc8267d321f045370453c5f9f488741a64,study_domain,/workspace/examples/assets/bench_box_fine.mesh.json,fine,1200,5138,1504,0,0,True,/usr/bin/python3,gpu,1,1,CG,AMG,1e-12,,500,0,6,8,6,1,,,8000.0,nonlinear_cg,stagnation_triggered_cg8,True,True,True,True,False,/workspace/backends/fem/gpu/cuda/integrators/rk/rk_adaptive_decision_readback.cu,,True,20a1851a39da191c61cf50006e72c4b977fa31a5a4cdf2dee1e037e93640d431,True,64,0.0,ok,0,6913.925,853,52,64,box500_airbox_exchange_demag,heun,nonlinear_cg,fixed,double,0.0,0.000000000000000e0,,,-1.5237218962881163e-17,7.48113049286165e-20,-1.8944428537259427e-17,3.632398269449647e-18,0.0,0.0,max_steps,7936.639020713339,0.009973474736666847,2.220446049250313e-16,False,139.330128,0.258048,56.757824,0.011264,56.696544,0.0,56.696544,True,0.041824,0.008192,0.0,0.0,0.0,stagnation_triggered_cg8,0,0.0,0.0,1,1,2,128,1,False,,,,,0,64,"['step=1: proof unavailable', 'step=2: proof unavailable', 'step=3: proof unavailable', 'step=4: proof unavailable', 'step=5: proof unavailable', 'step=6: proof unavailable', 'step=7: proof unavailable', 'step=8: proof unavailable', 'step=9: proof unavailable', 'step=10: proof unavailable', 'step=11: proof unavailable', 'step=12: proof unavailable', 'step=13: proof unavailable', 'step=14: proof unavailable', 'step=15: proof unavailable', 'step=16: proof unavailable', 'step=17: proof unavailable', 'step=18: proof unavailable', 'step=19: proof unavailable', 'step=20: proof unavailable', 'step=21: proof unavailable', 'step=22: proof unavailable', 'step=23: proof unavailable', 'step=24: proof unavailable', 'step=25: proof unavailable', 'step=26: proof unavailable', 'step=27: proof unavailable', 'step=28: proof unavailable', 'step=29: proof unavailable', 'step=30: proof unavailable', 'step=31: proof unavailable', 'step=32: proof unavailable', 'step=33: proof unavailable', 'step=34: proof unavailable', 'step=35: proof unavailable', 'step=36: proof unavailable', 'step=37: proof unavailable', 'step=38: proof unavailable', 'step=39: proof unavailable', 'step=40: proof unavailable', 'step=41: proof unavailable', 'step=42: proof unavailable', 'step=43: proof unavailable', 'step=44: proof unavailable', 'step=45: proof unavailable', 'step=46: proof unavailable', 'step=47: proof unavailable', 'step=48: proof unavailable', 'step=49: proof unavailable', 'step=50: proof unavailable', 'step=51: proof unavailable', 'step=52: proof unavailable', 'step=53: proof unavailable', 'step=54: proof unavailable', 'step=55: proof unavailable', 'step=56: proof unavailable', 'step=57: proof unavailable', 'step=58: proof unavailable', 'step=59: proof unavailable', 'step=60: proof unavailable', 'step=61: proof unavailable', 'step=62: proof unavailable', 'step=63: proof unavailable', 'step=64: proof unavailable']",fem_native_gpu,legacy_sparse,all_in_gpu_legacy_sparse,device_source_of_truth,True,True,,193,0,0,605.635355,129.674464,0,0,0,0,33936,193,True,1200,3600,2,4684787,377,True,production_executable,2,True,False,True,legacy_sparse_gpu,device_hypre_poisson,device,device,,ceed-cuda:/gpu/cuda/shared,1,1,CG,airbox,robin,100.0,dipole,2.0,AMG,mfem_hypre_boomeramg,6,8,6,1,,,1e-12,,500,1,explicit,CG,AMG,1e-12,,500,1,23,6.361428876273475e-13,0,,,,,,0.000000000000000e0,3.889826657834894e4,4.234150369823354e4,0.0,0.0,True,compute_hot_loop_host_sync_count=0;stage_exchange_device_resident=true,1
fem_gpu,box500_airbox_exchange_demag,heun,nonlinear_cg,fixed,/workspace/.fullmag/runtimes/fem-gpu-host/bin/fullmag-fem-gpu,64,1e-13,1,900.0,/workspace/.fullmag/runtimes/fem-gpu-variants/hypre-baseline-9377ad32bc08279eee8218b61007407974cd13e0c7599462f07abf05376db29a,9377ad32bc08279eee8218b61007407974cd13e0c7599462f07abf05376db29a,e04b5d6066cf058222f4a5b3623765542227eec5b287bbd9ef7c46df219b5afc,c936d6cc9add692d9b1178ea9d10f3bc8267d321f045370453c5f9f488741a64,study_domain,/workspace/examples/assets/bench_box_fine.mesh.json,fine,1200,5138,1504,0,0,True,/usr/bin/python3,gpu,1,1,CG,AMG,1e-12,,500,0,6,8,6,1,,,8000.0,nonlinear_cg,none,True,True,True,True,False,/workspace/backends/fem/gpu/cuda/integrators/rk/rk_adaptive_decision_readback.cu,,True,20a1851a39da191c61cf50006e72c4b977fa31a5a4cdf2dee1e037e93640d431,True,64,0.0,ok,0,6761.683,853,52,64,box500_airbox_exchange_demag,heun,nonlinear_cg,fixed,double,0.0,0.000000000000000e0,,,-1.5237216005888636e-17,7.481984851851914e-20,-1.8944423398748925e-17,3.63238754434177e-18,0.0,0.0,max_steps,7936.30419586973,0.009973053983359279,2.220446049250313e-16,False,143.41493,0.080896,60.817323,0.01536,60.742667,0.0,60.742667,True,0.04496,0.014336,0.0,0.0,0.0,none,0,0.0,0.0,0,0,2,128,1,False,,,,,0,64,"['step=1: proof unavailable', 'step=2: proof unavailable', 'step=3: proof unavailable', 'step=4: proof unavailable', 'step=5: proof unavailable', 'step=6: proof unavailable', 'step=7: proof unavailable', 'step=8: proof unavailable', 'step=9: proof unavailable', 'step=10: proof unavailable', 'step=11: proof unavailable', 'step=12: proof unavailable', 'step=13: proof unavailable', 'step=14: proof unavailable', 'step=15: proof unavailable', 'step=16: proof unavailable', 'step=17: proof unavailable', 'step=18: proof unavailable', 'step=19: proof unavailable', 'step=20: proof unavailable', 'step=21: proof unavailable', 'step=22: proof unavailable', 'step=23: proof unavailable', 'step=24: proof unavailable', 'step=25: proof unavailable', 'step=26: proof unavailable', 'step=27: proof unavailable', 'step=28: proof unavailable', 'step=29: proof unavailable', 'step=30: proof unavailable', 'step=31: proof unavailable', 'step=32: proof unavailable', 'step=33: proof unavailable', 'step=34: proof unavailable', 'step=35: proof unavailable', 'step=36: proof unavailable', 'step=37: proof unavailable', 'step=38: proof unavailable', 'step=39: proof unavailable', 'step=40: proof unavailable', 'step=41: proof unavailable', 'step=42: proof unavailable', 'step=43: proof unavailable', 'step=44: proof unavailable', 'step=45: proof unavailable', 'step=46: proof unavailable', 'step=47: proof unavailable', 'step=48: proof unavailable', 'step=49: proof unavailable', 'step=50: proof unavailable', 'step=51: proof unavailable', 'step=52: proof unavailable', 'step=53: proof unavailable', 'step=54: proof unavailable', 'step=55: proof unavailable', 'step=56: proof unavailable', 'step=57: proof unavailable', 'step=58: proof unavailable', 'step=59: proof unavailable', 'step=60: proof unavailable', 'step=61: proof unavailable', 'step=62: proof unavailable', 'step=63: proof unavailable', 'step=64: proof unavailable']",fem_native_gpu,legacy_sparse,all_in_gpu_legacy_sparse,device_source_of_truth,True,True,,193,0,0,608.430448,141.892562,0,0,0,0,33936,193,True,1200,3600,2,4684787,377,True,production_executable,2,True,False,True,legacy_sparse_gpu,device_hypre_poisson,device,device,,ceed-cuda:/gpu/cuda/shared,1,1,CG,airbox,robin,100.0,dipole,2.0,AMG,mfem_hypre_boomeramg,6,8,6,1,,,1e-12,,500,1,explicit,CG,AMG,1e-12,,500,1,23,6.361388364306805e-13,0,,,,,,0.000000000000000e0,3.889819362582265e4,4.234136635847161e4,0.0,0.0,True,compute_hot_loop_host_sync_count=0;stage_exchange_device_resident=true,2
fem_gpu,box500_airbox_exchange_demag,heun,nonlinear_cg,fixed,/workspace/.fullmag/runtimes/fem-gpu-host/bin/fullmag-fem-gpu,64,1e-13,1,900.0,/workspace/.fullmag/runtimes/fem-gpu-variants/hypre-baseline-9377ad32bc08279eee8218b61007407974cd13e0c7599462f07abf05376db29a,9377ad32bc08279eee8218b61007407974cd13e0c7599462f07abf05376db29a,e04b5d6066cf058222f4a5b3623765542227eec5b287bbd9ef7c46df219b5afc,c936d6cc9add692d9b1178ea9d10f3bc8267d321f045370453c5f9f488741a64,study_domain,/workspace/examples/assets/bench_box_fine.mesh.json,fine,1200,5138,1504,0,0,True,/usr/bin/python3,gpu,1,1,CG,AMG,1e-12,,500,0,6,8,6,1,,,8000.0,nonlinear_cg,diagonal_mass,True,True,True,True,False,/workspace/backends/fem/gpu/cuda/integrators/rk/rk_adaptive_decision_readback.cu,,True,20a1851a39da191c61cf50006e72c4b977fa31a5a4cdf2dee1e037e93640d431,True,64,0.0,ok,0,7403.72,853,52,64,box500_airbox_exchange_demag,heun,nonlinear_cg,fixed,double,0.0,0.000000000000000e0,,,-1.5237216005888636e-17,7.481984851851914e-20,-1.8944423398748925e-17,3.63238754434177e-18,0.0,0.0,max_steps,7936.30419586973,0.009973053983359279,2.220446049250313e-16,False,150.379402,0.09728,66.062445,0.054272,65.946573,0.0,65.946573,True,0.04096,0.02064,0.0,0.0,0.0,diagonal_mass,0,0.0,0.117158,0,0,2,128,1,False,,,,,0,64,"['step=1: proof unavailable', 'step=2: proof unavailable', 'step=3: proof unavailable', 'step=4: proof unavailable', 'step=5: proof unavailable', 'step=6: proof unavailable', 'step=7: proof unavailable', 'step=8: proof unavailable', 'step=9: proof unavailable', 'step=10: proof unavailable', 'step=11: proof unavailable', 'step=12: proof unavailable', 'step=13: proof unavailable', 'step=14: proof unavailable', 'step=15: proof unavailable', 'step=16: proof unavailable', 'step=17: proof unavailable', 'step=18: proof unavailable', 'step=19: proof unavailable', 'step=20: proof unavailable', 'step=21: proof unavailable', 'step=22: proof unavailable', 'step=23: proof unavailable', 'step=24: proof unavailable', 'step=25: proof unavailable', 'step=26: proof unavailable', 'step=27: proof unavailable', 'step=28: proof unavailable', 'step=29: proof unavailable', 'step=30: proof unavailable', 'step=31: proof unavailable', 'step=32: proof unavailable', 'step=33: proof unavailable', 'step=34: proof unavailable', 'step=35: proof unavailable', 'step=36: proof unavailable', 'step=37: proof unavailable', 'step=38: proof unavailable', 'step=39: proof unavailable', 'step=40: proof unavailable', 'step=41: proof unavailable', 'step=42: proof unavailable', 'step=43: proof unavailable', 'step=44: proof unavailable', 'step=45: proof unavailable', 'step=46: proof unavailable', 'step=47: proof unavailable', 'step=48: proof unavailable', 'step=49: proof unavailable', 'step=50: proof unavailable', 'step=51: proof unavailable', 'step=52: proof unavailable', 'step=53: proof unavailable', 'step=54: proof unavailable', 'step=55: proof unavailable', 'step=56: proof unavailable', 'step=57: proof unavailable', 'step=58: proof unavailable', 'step=59: proof unavailable', 'step=60: proof unavailable', 'step=61: proof unavailable', 'step=62: proof unavailable', 'step=63: proof unavailable', 'step=64: proof unavailable']",fem_native_gpu,legacy_sparse,all_in_gpu_legacy_sparse,device_source_of_truth,True,True,,193,0,0,813.826005,149.508613,0,0,0,0,33936,193,True,1200,3600,2,4684787,377,True,production_executable,2,True,False,True,legacy_sparse_gpu,device_hypre_poisson,device,device,,ceed-cuda:/gpu/cuda/shared,1,1,CG,airbox,robin,100.0,dipole,2.0,AMG,mfem_hypre_boomeramg,6,8,6,1,,,1e-12,,500,1,explicit,CG,AMG,1e-12,,500,1,23,6.361388364306805e-13,0,,,,,,0.000000000000000e0,3.889819362582265e4,4.234136635847161e4,0.0,0.0,True,compute_hot_loop_host_sync_count=0;stage_exchange_device_resident=true,2
fem_gpu,box500_airbox_exchange_demag,heun,nonlinear_cg,fixed,/workspace/.fullmag/runtimes/fem-gpu-host/bin/fullmag-fem-gpu,64,1e-13,1,900.0,/workspace/.fullmag/runtimes/fem-gpu-variants/hypre-baseline-9377ad32bc08279eee8218b61007407974cd13e0c7599462f07abf05376db29a,9377ad32bc08279eee8218b61007407974cd13e0c7599462f07abf05376db29a,e04b5d6066cf058222f4a5b3623765542227eec5b287bbd9ef7c46df219b5afc,c936d6cc9add692d9b1178ea9d10f3bc8267d321f045370453c5f9f488741a64,study_domain,/workspace/examples/assets/bench_box_fine.mesh.json,fine,1200,5138,1504,0,0,True,/usr/bin/python3,gpu,1,1,CG,AMG,1e-12,,500,0,6,8,6,1,,,8000.0,nonlinear_cg,lumped_exchange_mass_cg4,True,True,True,True,False,/workspace/backends/fem/gpu/cuda/integrators/rk/rk_adaptive_decision_readback.cu,,True,20a1851a39da191c61cf50006e72c4b977fa31a5a4cdf2dee1e037e93640d431,True,64,0.0,ok,0,6933.968,853,52,64,box500_airbox_exchange_demag,heun,nonlinear_cg,fixed,double,0.0,0.000000000000000e0,,,-1.5240701193497606e-17,7.479887799109448e-20,-1.8952032306626144e-17,3.636532235137444e-18,0.0,0.0,max_steps,10473.556116434967,0.013161458780941016,2.220446049250313e-16,False,143.750428,0.065408,60.128631,0.017408,60.059895,0.0,60.059895,True,0.04096,0.010368,0.0,0.0,0.0,lumped_exchange_mass_cg4,4,1e-06,1.204421,127,1,2,128,1,False,,,,,0,64,"['step=1: proof unavailable', 'step=2: proof unavailable', 'step=3: proof unavailable', 'step=4: proof unavailable', 'step=5: proof unavailable', 'step=6: proof unavailable', 'step=7: proof unavailable', 'step=8: proof unavailable', 'step=9: proof unavailable', 'step=10: proof unavailable', 'step=11: proof unavailable', 'step=12: proof unavailable', 'step=13: proof unavailable', 'step=14: proof unavailable', 'step=15: proof unavailable', 'step=16: proof unavailable', 'step=17: proof unavailable', 'step=18: proof unavailable', 'step=19: proof unavailable', 'step=20: proof unavailable', 'step=21: proof unavailable', 'step=22: proof unavailable', 'step=23: proof unavailable', 'step=24: proof unavailable', 'step=25: proof unavailable', 'step=26: proof unavailable', 'step=27: proof unavailable', 'step=28: proof unavailable', 'step=29: proof unavailable', 'step=30: proof unavailable', 'step=31: proof unavailable', 'step=32: proof unavailable', 'step=33: proof unavailable', 'step=34: proof unavailable', 'step=35: proof unavailable', 'step=36: proof unavailable', 'step=37: proof unavailable', 'step=38: proof unavailable', 'step=39: proof unavailable', 'step=40: proof unavailable', 'step=41: proof unavailable', 'step=42: proof unavailable', 'step=43: proof unavailable', 'step=44: proof unavailable', 'step=45: proof unavailable', 'step=46: proof unavailable', 'step=47: proof unavailable', 'step=48: proof unavailable', 'step=49: proof unavailable', 'step=50: proof unavailable', 'step=51: proof unavailable', 'step=52: proof unavailable', 'step=53: proof unavailable', 'step=54: proof unavailable', 'step=55: proof unavailable', 'step=56: proof unavailable', 'step=57: proof unavailable', 'step=58: proof unavailable', 'step=59: proof unavailable', 'step=60: proof unavailable', 'step=61: proof unavailable', 'step=62: proof unavailable', 'step=63: proof unavailable', 'step=64: proof unavailable']",fem_native_gpu,legacy_sparse,all_in_gpu_legacy_sparse,device_source_of_truth,True,True,,193,0,0,724.290331,126.661225,0,0,0,0,33936,193,True,1200,3600,2,4684787,377,True,production_executable,2,True,False,True,legacy_sparse_gpu,device_hypre_poisson,device,device,,ceed-cuda:/gpu/cuda/shared,1,1,CG,airbox,robin,100.0,dipole,2.0,AMG,mfem_hypre_boomeramg,6,8,6,1,,,1e-12,,500,1,explicit,CG,AMG,1e-12,,500,1,23,6.348584583300283e-13,0,,,,,,0.000000000000000e0,3.909135517924868e4,4.236190164286445e4,0.0,0.0,True,compute_hot_loop_host_sync_count=0;stage_exchange_device_resident=true,2
fem_gpu,box500_airbox_exchange_demag,heun,nonlinear_cg,fixed,/workspace/.fullmag/runtimes/fem-gpu-host/bin/fullmag-fem-gpu,64,1e-13,1,900.0,/workspace/.fullmag/runtimes/fem-gpu-variants/hypre-baseline-9377ad32bc08279eee8218b61007407974cd13e0c7599462f07abf05376db29a,9377ad32bc08279eee8218b61007407974cd13e0c7599462f07abf05376db29a,e04b5d6066cf058222f4a5b3623765542227eec5b287bbd9ef7c46df219b5afc,c936d6cc9add692d9b1178ea9d10f3bc8267d321f045370453c5f9f488741a64,study_domain,/workspace/examples/assets/bench_box_fine.mesh.json,fine,1200,5138,1504,0,0,True,/usr/bin/python3,gpu,1,1,CG,AMG,1e-12,,500,0,6,8,6,1,,,8000.0,nonlinear_cg,lumped_exchange_mass_cg8,True,True,True,True,False,/workspace/backends/fem/gpu/cuda/integrators/rk/rk_adaptive_decision_readback.cu,,True,20a1851a39da191c61cf50006e72c4b977fa31a5a4cdf2dee1e037e93640d431,True,64,0.0,ok,0,7195.586,853,52,64,box500_airbox_exchange_demag,heun,nonlinear_cg,fixed,double,0.0,0.000000000000000e0,,,-1.5237569466097592e-17,7.428779079812061e-20,-1.89449770093871e-17,3.633119752491386e-18,0.0,0.0,max_steps,8025.774085931665,0.010085485163093702,2.220446049250313e-16,False,151.830238,0.127104,61.892658,0.040896,61.800562,0.0,61.800562,True,0.03584,0.01536,0.0,0.0,0.0,lumped_exchange_mass_cg8,8,1e-06,2.270765,127,1,2,128,1,False,,,,,0,64,"['step=1: proof unavailable', 'step=2: proof unavailable', 'step=3: proof unavailable', 'step=4: proof unavailable', 'step=5: proof unavailable', 'step=6: proof unavailable', 'step=7: proof unavailable', 'step=8: proof unavailable', 'step=9: proof unavailable', 'step=10: proof unavailable', 'step=11: proof unavailable', 'step=12: proof unavailable', 'step=13: proof unavailable', 'step=14: proof unavailable', 'step=15: proof unavailable', 'step=16: proof unavailable', 'step=17: proof unavailable', 'step=18: proof unavailable', 'step=19: proof unavailable', 'step=20: proof unavailable', 'step=21: proof unavailable', 'step=22: proof unavailable', 'step=23: proof unavailable', 'step=24: proof unavailable', 'step=25: proof unavailable', 'step=26: proof unavailable', 'step=27: proof unavailable', 'step=28: proof unavailable', 'step=29: proof unavailable', 'step=30: proof unavailable', 'step=31: proof unavailable', 'step=32: proof unavailable', 'step=33: proof unavailable', 'step=34: proof unavailable', 'step=35: proof unavailable', 'step=36: proof unavailable', 'step=37: proof unavailable', 'step=38: proof unavailable', 'step=39: proof unavailable', 'step=40: proof unavailable', 'step=41: proof unavailable', 'step=42: proof unavailable', 'step=43: proof unavailable', 'step=44: proof unavailable', 'step=45: proof unavailable', 'step=46: proof unavailable', 'step=47: proof unavailable', 'step=48: proof unavailable', 'step=49: proof unavailable', 'step=50: proof unavailable', 'step=51: proof unavailable', 'step=52: proof unavailable', 'step=53: proof unavailable', 'step=54: proof unavailable', 'step=55: proof unavailable', 'step=56: proof unavailable', 'step=57: proof unavailable', 'step=58: proof unavailable', 'step=59: proof unavailable', 'step=60: proof unavailable', 'step=61: proof unavailable', 'step=62: proof unavailable', 'step=63: proof unavailable', 'step=64: proof unavailable']",fem_native_gpu,legacy_sparse,all_in_gpu_legacy_sparse,device_source_of_truth,True,True,,193,0,0,681.64036,142.776814,0,0,0,0,33936,193,True,1200,3600,2,4684787,377,True,production_executable,2,True,False,True,legacy_sparse_gpu,device_hypre_poisson,device,device,,ceed-cuda:/gpu/cuda/shared,1,1,CG,airbox,robin,100.0,dipole,2.0,AMG,mfem_hypre_boomeramg,6,8,6,1,,,1e-12,,500,1,explicit,CG,AMG,1e-12,,500,1,23,6.363308847449568e-13,0,,,,,,0.000000000000000e0,3.888992091908916e4,4.235060865830186e4,0.0,0.0,True,compute_hot_loop_host_sync_count=0;stage_exchange_device_resident=true,2
fem_gpu,box500_airbox_exchange_demag,heun,nonlinear_cg,fixed,/workspace/.fullmag/runtimes/fem-gpu-host/bin/fullmag-fem-gpu,64,1e-13,1,900.0,/workspace/.fullmag/runtimes/fem-gpu-variants/hypre-baseline-9377ad32bc08279eee8218b61007407974cd13e0c7599462f07abf05376db29a,9377ad32bc08279eee8218b61007407974cd13e0c7599462f07abf05376db29a,e04b5d6066cf058222f4a5b3623765542227eec5b287bbd9ef7c46df219b5afc,c936d6cc9add692d9b1178ea9d10f3bc8267d321f045370453c5f9f488741a64,study_domain,/workspace/examples/assets/bench_box_fine.mesh.json,fine,1200,5138,1504,0,0,True,/usr/bin/python3,gpu,1,1,CG,AMG,1e-12,,500,0,6,8,6,1,,,8000.0,nonlinear_cg,stagnation_triggered_cg8,True,True,True,True,False,/workspace/backends/fem/gpu/cuda/integrators/rk/rk_adaptive_decision_readback.cu,,True,20a1851a39da191c61cf50006e72c4b977fa31a5a4cdf2dee1e037e93640d431,True,64,0.0,ok,0,7019.31,853,52,64,box500_airbox_exchange_demag,heun,nonlinear_cg,fixed,double,0.0,0.000000000000000e0,,,-1.5237218962881163e-17,7.48113049286165e-20,-1.8944428537259427e-17,3.632398269449647e-18,0.0,0.0,max_steps,7936.639020713339,0.009973474736666847,2.220446049250313e-16,False,139.77403,0.074752,59.154535,0.015296,59.070631,0.0,59.070631,True,0.050176,0.018432,0.0,0.0,0.0,stagnation_triggered_cg8,0,0.0,0.0,1,1,2,128,1,False,,,,,0,64,"['step=1: proof unavailable', 'step=2: proof unavailable', 'step=3: proof unavailable', 'step=4: proof unavailable', 'step=5: proof unavailable', 'step=6: proof unavailable', 'step=7: proof unavailable', 'step=8: proof unavailable', 'step=9: proof unavailable', 'step=10: proof unavailable', 'step=11: proof unavailable', 'step=12: proof unavailable', 'step=13: proof unavailable', 'step=14: proof unavailable', 'step=15: proof unavailable', 'step=16: proof unavailable', 'step=17: proof unavailable', 'step=18: proof unavailable', 'step=19: proof unavailable', 'step=20: proof unavailable', 'step=21: proof unavailable', 'step=22: proof unavailable', 'step=23: proof unavailable', 'step=24: proof unavailable', 'step=25: proof unavailable', 'step=26: proof unavailable', 'step=27: proof unavailable', 'step=28: proof unavailable', 'step=29: proof unavailable', 'step=30: proof unavailable', 'step=31: proof unavailable', 'step=32: proof unavailable', 'step=33: proof unavailable', 'step=34: proof unavailable', 'step=35: proof unavailable', 'step=36: proof unavailable', 'step=37: proof unavailable', 'step=38: proof unavailable', 'step=39: proof unavailable', 'step=40: proof unavailable', 'step=41: proof unavailable', 'step=42: proof unavailable', 'step=43: proof unavailable', 'step=44: proof unavailable', 'step=45: proof unavailable', 'step=46: proof unavailable', 'step=47: proof unavailable', 'step=48: proof unavailable', 'step=49: proof unavailable', 'step=50: proof unavailable', 'step=51: proof unavailable', 'step=52: proof unavailable', 'step=53: proof unavailable', 'step=54: proof unavailable', 'step=55: proof unavailable', 'step=56: proof unavailable', 'step=57: proof unavailable', 'step=58: proof unavailable', 'step=59: proof unavailable', 'step=60: proof unavailable', 'step=61: proof unavailable', 'step=62: proof unavailable', 'step=63: proof unavailable', 'step=64: proof unavailable']",fem_native_gpu,legacy_sparse,all_in_gpu_legacy_sparse,device_source_of_truth,True,True,,193,0,0,611.234438,135.448086,0,0,0,0,33936,193,True,1200,3600,2,4684787,377,True,production_executable,2,True,False,True,legacy_sparse_gpu,device_hypre_poisson,device,device,,ceed-cuda:/gpu/cuda/shared,1,1,CG,airbox,robin,100.0,dipole,2.0,AMG,mfem_hypre_boomeramg,6,8,6,1,,,1e-12,,500,1,explicit,CG,AMG,1e-12,,500,1,23,6.361428876273475e-13,0,,,,,,0.000000000000000e0,3.889826657834894e4,4.234150369823354e4,0.0,0.0,True,compute_hot_loop_host_sync_count=0;stage_exchange_device_resident=true,2
fem_gpu,box500_airbox_exchange_demag,heun,nonlinear_cg,fixed,/workspace/.fullmag/runtimes/fem-gpu-host/bin/fullmag-fem-gpu,64,1e-13,1,900.0,/workspace/.fullmag/runtimes/fem-gpu-variants/hypre-baseline-9377ad32bc08279eee8218b61007407974cd13e0c7599462f07abf05376db29a,9377ad32bc08279eee8218b61007407974cd13e0c7599462f07abf05376db29a,e04b5d6066cf058222f4a5b3623765542227eec5b287bbd9ef7c46df219b5afc,c936d6cc9add692d9b1178ea9d10f3bc8267d321f045370453c5f9f488741a64,study_domain,/workspace/examples/assets/bench_box_fine.mesh.json,fine,1200,5138,1504,0,0,True,/usr/bin/python3,gpu,1,1,CG,AMG,1e-12,,500,0,6,8,6,1,,,8000.0,nonlinear_cg,none,True,True,True,True,False,/workspace/backends/fem/gpu/cuda/integrators/rk/rk_adaptive_decision_readback.cu,,True,20a1851a39da191c61cf50006e72c4b977fa31a5a4cdf2dee1e037e93640d431,True,64,0.0,ok,0,6878.294,853,52,64,box500_airbox_exchange_demag,heun,nonlinear_cg,fixed,double,0.0,0.000000000000000e0,,,-1.5237216005888636e-17,7.481984851851914e-20,-1.8944423398748925e-17,3.63238754434177e-18,0.0,0.0,max_steps,7936.30419586973,0.009973053983359279,2.220446049250313e-16,False,151.853644,0.09024,60.312144,0.013312,60.23944,0.0,60.23944,True,0.043008,0.016384,0.0,0.0,0.0,none,0,0.0,0.0,0,0,2,128,1,False,,,,,0,64,"['step=1: proof unavailable', 'step=2: proof unavailable', 'step=3: proof unavailable', 'step=4: proof unavailable', 'step=5: proof unavailable', 'step=6: proof unavailable', 'step=7: proof unavailable', 'step=8: proof unavailable', 'step=9: proof unavailable', 'step=10: proof unavailable', 'step=11: proof unavailable', 'step=12: proof unavailable', 'step=13: proof unavailable', 'step=14: proof unavailable', 'step=15: proof unavailable', 'step=16: proof unavailable', 'step=17: proof unavailable', 'step=18: proof unavailable', 'step=19: proof unavailable', 'step=20: proof unavailable', 'step=21: proof unavailable', 'step=22: proof unavailable', 'step=23: proof unavailable', 'step=24: proof unavailable', 'step=25: proof unavailable', 'step=26: proof unavailable', 'step=27: proof unavailable', 'step=28: proof unavailable', 'step=29: proof unavailable', 'step=30: proof unavailable', 'step=31: proof unavailable', 'step=32: proof unavailable', 'step=33: proof unavailable', 'step=34: proof unavailable', 'step=35: proof unavailable', 'step=36: proof unavailable', 'step=37: proof unavailable', 'step=38: proof unavailable', 'step=39: proof unavailable', 'step=40: proof unavailable', 'step=41: proof unavailable', 'step=42: proof unavailable', 'step=43: proof unavailable', 'step=44: proof unavailable', 'step=45: proof unavailable', 'step=46: proof unavailable', 'step=47: proof unavailable', 'step=48: proof unavailable', 'step=49: proof unavailable', 'step=50: proof unavailable', 'step=51: proof unavailable', 'step=52: proof unavailable', 'step=53: proof unavailable', 'step=54: proof unavailable', 'step=55: proof unavailable', 'step=56: proof unavailable', 'step=57: proof unavailable', 'step=58: proof unavailable', 'step=59: proof unavailable', 'step=60: proof unavailable', 'step=61: proof unavailable', 'step=62: proof unavailable', 'step=63: proof unavailable', 'step=64: proof unavailable']",fem_native_gpu,legacy_sparse,all_in_gpu_legacy_sparse,device_source_of_truth,True,True,,193,0,0,699.864042,132.267468,0,0,0,0,33936,193,True,1200,3600,2,4684787,377,True,production_executable,2,True,False,True,legacy_sparse_gpu,device_hypre_poisson,device,device,,ceed-cuda:/gpu/cuda/shared,1,1,CG,airbox,robin,100.0,dipole,2.0,AMG,mfem_hypre_boomeramg,6,8,6,1,,,1e-12,,500,1,explicit,CG,AMG,1e-12,,500,1,23,6.361388364306805e-13,0,,,,,,0.000000000000000e0,3.889819362582265e4,4.234136635847161e4,0.0,0.0,True,compute_hot_loop_host_sync_count=0;stage_exchange_device_resident=true,3
fem_gpu,box500_airbox_exchange_demag,heun,nonlinear_cg,fixed,/workspace/.fullmag/runtimes/fem-gpu-host/bin/fullmag-fem-gpu,64,1e-13,1,900.0,/workspace/.fullmag/runtimes/fem-gpu-variants/hypre-baseline-9377ad32bc08279eee8218b61007407974cd13e0c7599462f07abf05376db29a,9377ad32bc08279eee8218b61007407974cd13e0c7599462f07abf05376db29a,e04b5d6066cf058222f4a5b3623765542227eec5b287bbd9ef7c46df219b5afc,c936d6cc9add692d9b1178ea9d10f3bc8267d321f045370453c5f9f488741a64,study_domain,/workspace/examples/assets/bench_box_fine.mesh.json,fine,1200,5138,1504,0,0,True,/usr/bin/python3,gpu,1,1,CG,AMG,1e-12,,500,0,6,8,6,1,,,8000.0,nonlinear_cg,diagonal_mass,True,True,True,True,False,/workspace/backends/fem/gpu/cuda/integrators/rk/rk_adaptive_decision_readback.cu,,True,20a1851a39da191c61cf50006e72c4b977fa31a5a4cdf2dee1e037e93640d431,True,64,0.0,ok,0,6990.677,853,52,64,box500_airbox_exchange_demag,heun,nonlinear_cg,fixed,double,0.0,0.000000000000000e0,,,-1.5237216005888636e-17,7.481984851851914e-20,-1.8944423398748925e-17,3.63238754434177e-18,0.0,0.0,max_steps,7936.30419586973,0.009973053983359279,2.220446049250313e-16,False,154.550239,0.075776,67.846784,0.017408,67.767936,0.0,67.767936,True,0.03584,0.0256,0.0,0.0,0.0,diagonal_mass,0,0.0,0.134528,0,0,2,128,1,False,,,,,0,64,"['step=1: proof unavailable', 'step=2: proof unavailable', 'step=3: proof unavailable', 'step=4: proof unavailable', 'step=5: proof unavailable', 'step=6: proof unavailable', 'step=7: proof unavailable', 'step=8: proof unavailable', 'step=9: proof unavailable', 'step=10: proof unavailable', 'step=11: proof unavailable', 'step=12: proof unavailable', 'step=13: proof unavailable', 'step=14: proof unavailable', 'step=15: proof unavailable', 'step=16: proof unavailable', 'step=17: proof unavailable', 'step=18: proof unavailable', 'step=19: proof unavailable', 'step=20: proof unavailable', 'step=21: proof unavailable', 'step=22: proof unavailable', 'step=23: proof unavailable', 'step=24: proof unavailable', 'step=25: proof unavailable', 'step=26: proof unavailable', 'step=27: proof unavailable', 'step=28: proof unavailable', 'step=29: proof unavailable', 'step=30: proof unavailable', 'step=31: proof unavailable', 'step=32: proof unavailable', 'step=33: proof unavailable', 'step=34: proof unavailable', 'step=35: proof unavailable', 'step=36: proof unavailable', 'step=37: proof unavailable', 'step=38: proof unavailable', 'step=39: proof unavailable', 'step=40: proof unavailable', 'step=41: proof unavailable', 'step=42: proof unavailable', 'step=43: proof unavailable', 'step=44: proof unavailable', 'step=45: proof unavailable', 'step=46: proof unavailable', 'step=47: proof unavailable', 'step=48: proof unavailable', 'step=49: proof unavailable', 'step=50: proof unavailable', 'step=51: proof unavailable', 'step=52: proof unavailable', 'step=53: proof unavailable', 'step=54: proof unavailable', 'step=55: proof unavailable', 'step=56: proof unavailable', 'step=57: proof unavailable', 'step=58: proof unavailable', 'step=59: proof unavailable', 'step=60: proof unavailable', 'step=61: proof unavailable', 'step=62: proof unavailable', 'step=63: proof unavailable', 'step=64: proof unavailable']",fem_native_gpu,legacy_sparse,all_in_gpu_legacy_sparse,device_source_of_truth,True,True,,193,0,0,637.271529,129.660798,0,0,0,0,33936,193,True,1200,3600,2,4684787,377,True,production_executable,2,True,False,True,legacy_sparse_gpu,device_hypre_poisson,device,device,,ceed-cuda:/gpu/cuda/shared,1,1,CG,airbox,robin,100.0,dipole,2.0,AMG,mfem_hypre_boomeramg,6,8,6,1,,,1e-12,,500,1,explicit,CG,AMG,1e-12,,500,1,23,6.361388364306805e-13,0,,,,,,0.000000000000000e0,3.889819362582265e4,4.234136635847161e4,0.0,0.0,True,compute_hot_loop_host_sync_count=0;stage_exchange_device_resident=true,3
fem_gpu,box500_airbox_exchange_demag,heun,nonlinear_cg,fixed,/workspace/.fullmag/runtimes/fem-gpu-host/bin/fullmag-fem-gpu,64,1e-13,1,900.0,/workspace/.fullmag/runtimes/fem-gpu-variants/hypre-baseline-9377ad32bc08279eee8218b61007407974cd13e0c7599462f07abf05376db29a,9377ad32bc08279eee8218b61007407974cd13e0c7599462f07abf05376db29a,e04b5d6066cf058222f4a5b3623765542227eec5b287bbd9ef7c46df219b5afc,c936d6cc9add692d9b1178ea9d10f3bc8267d321f045370453c5f9f488741a64,study_domain,/workspace/examples/assets/bench_box_fine.mesh.json,fine,1200,5138,1504,0,0,True,/usr/bin/python3,gpu,1,1,CG,AMG,1e-12,,500,0,6,8,6,1,,,8000.0,nonlinear_cg,lumped_exchange_mass_cg4,True,True,True,True,False,/workspace/backends/fem/gpu/cuda/integrators/rk/rk_adaptive_decision_readback.cu,,True,20a1851a39da191c61cf50006e72c4b977fa31a5a4cdf2dee1e037e93640d431,True,64,0.0,ok,0,7215.458,853,52,64,box500_airbox_exchange_demag,heun,nonlinear_cg,fixed,double,0.0,0.000000000000000e0,,,-1.5240701193497606e-17,7.479887799109448e-20,-1.8952032306626144e-17,3.636532235137444e-18,0.0,0.0,max_steps,10473.556116434967,0.013161458780941016,2.220446049250313e-16,False,172.720668,0.036672,71.204715,0.044032,71.084907,0.0,71.084907,True,0.045056,0.03072,0.0,0.0,0.0,lumped_exchange_mass_cg4,4,1e-06,1.323347,127,1,2,128,1,False,,,,,0,64,"['step=1: proof unavailable', 'step=2: proof unavailable', 'step=3: proof unavailable', 'step=4: proof unavailable', 'step=5: proof unavailable', 'step=6: proof unavailable', 'step=7: proof unavailable', 'step=8: proof unavailable', 'step=9: proof unavailable', 'step=10: proof unavailable', 'step=11: proof unavailable', 'step=12: proof unavailable', 'step=13: proof unavailable', 'step=14: proof unavailable', 'step=15: proof unavailable', 'step=16: proof unavailable', 'step=17: proof unavailable', 'step=18: proof unavailable', 'step=19: proof unavailable', 'step=20: proof unavailable', 'step=21: proof unavailable', 'step=22: proof unavailable', 'step=23: proof unavailable', 'step=24: proof unavailable', 'step=25: proof unavailable', 'step=26: proof unavailable', 'step=27: proof unavailable', 'step=28: proof unavailable', 'step=29: proof unavailable', 'step=30: proof unavailable', 'step=31: proof unavailable', 'step=32: proof unavailable', 'step=33: proof unavailable', 'step=34: proof unavailable', 'step=35: proof unavailable', 'step=36: proof unavailable', 'step=37: proof unavailable', 'step=38: proof unavailable', 'step=39: proof unavailable', 'step=40: proof unavailable', 'step=41: proof unavailable', 'step=42: proof unavailable', 'step=43: proof unavailable', 'step=44: proof unavailable', 'step=45: proof unavailable', 'step=46: proof unavailable', 'step=47: proof unavailable', 'step=48: proof unavailable', 'step=49: proof unavailable', 'step=50: proof unavailable', 'step=51: proof unavailable', 'step=52: proof unavailable', 'step=53: proof unavailable', 'step=54: proof unavailable', 'step=55: proof unavailable', 'step=56: proof unavailable', 'step=57: proof unavailable', 'step=58: proof unavailable', 'step=59: proof unavailable', 'step=60: proof unavailable', 'step=61: proof unavailable', 'step=62: proof unavailable', 'step=63: proof unavailable', 'step=64: proof unavailable']",fem_native_gpu,legacy_sparse,all_in_gpu_legacy_sparse,device_source_of_truth,True,True,,193,0,0,632.860119,131.423321,0,0,0,0,33936,193,True,1200,3600,2,4684787,377,True,production_executable,2,True,False,True,legacy_sparse_gpu,device_hypre_poisson,device,device,,ceed-cuda:/gpu/cuda/shared,1,1,CG,airbox,robin,100.0,dipole,2.0,AMG,mfem_hypre_boomeramg,6,8,6,1,,,1e-12,,500,1,explicit,CG,AMG,1e-12,,500,1,23,6.348584583300283e-13,0,,,,,,0.000000000000000e0,3.909135517924868e4,4.236190164286445e4,0.0,0.0,True,compute_hot_loop_host_sync_count=0;stage_exchange_device_resident=true,3
fem_gpu,box500_airbox_exchange_demag,heun,nonlinear_cg,fixed,/workspace/.fullmag/runtimes/fem-gpu-host/bin/fullmag-fem-gpu,64,1e-13,1,900.0,/workspace/.fullmag/runtimes/fem-gpu-variants/hypre-baseline-9377ad32bc08279eee8218b61007407974cd13e0c7599462f07abf05376db29a,9377ad32bc08279eee8218b61007407974cd13e0c7599462f07abf05376db29a,e04b5d6066cf058222f4a5b3623765542227eec5b287bbd9ef7c46df219b5afc,c936d6cc9add692d9b1178ea9d10f3bc8267d321f045370453c5f9f488741a64,study_domain,/workspace/examples/assets/bench_box_fine.mesh.json,fine,1200,5138,1504,0,0,True,/usr/bin/python3,gpu,1,1,CG,AMG,1e-12,,500,0,6,8,6,1,,,8000.0,nonlinear_cg,lumped_exchange_mass_cg8,True,True,True,True,False,/workspace/backends/fem/gpu/cuda/integrators/rk/rk_adaptive_decision_readback.cu,,True,20a1851a39da191c61cf50006e72c4b977fa31a5a4cdf2dee1e037e93640d431,True,64,0.0,ok,0,7539.815,853,52,64,box500_airbox_exchange_demag,heun,nonlinear_cg,fixed,double,0.0,0.000000000000000e0,,,-1.5237569466097592e-17,7.428779079812061e-20,-1.89449770093871e-17,3.633119752491386e-18,0.0,0.0,max_steps,8025.774085931665,0.010085485163093702,2.220446049250313e-16,False,151.724559,0.037888,60.264157,0.01024,60.177277,0.0,60.177277,True,0.041824,0.034816,0.0,0.0,0.0,lumped_exchange_mass_cg8,8,1e-06,2.318477,127,1,2,128,1,False,,,,,0,64,"['step=1: proof unavailable', 'step=2: proof unavailable', 'step=3: proof unavailable', 'step=4: proof unavailable', 'step=5: proof unavailable', 'step=6: proof unavailable', 'step=7: proof unavailable', 'step=8: proof unavailable', 'step=9: proof unavailable', 'step=10: proof unavailable', 'step=11: proof unavailable', 'step=12: proof unavailable', 'step=13: proof unavailable', 'step=14: proof unavailable', 'step=15: proof unavailable', 'step=16: proof unavailable', 'step=17: proof unavailable', 'step=18: proof unavailable', 'step=19: proof unavailable', 'step=20: proof unavailable', 'step=21: proof unavailable', 'step=22: proof unavailable', 'step=23: proof unavailable', 'step=24: proof unavailable', 'step=25: proof unavailable', 'step=26: proof unavailable', 'step=27: proof unavailable', 'step=28: proof unavailable', 'step=29: proof unavailable', 'step=30: proof unavailable', 'step=31: proof unavailable', 'step=32: proof unavailable', 'step=33: proof unavailable', 'step=34: proof unavailable', 'step=35: proof unavailable', 'step=36: proof unavailable', 'step=37: proof unavailable', 'step=38: proof unavailable', 'step=39: proof unavailable', 'step=40: proof unavailable', 'step=41: proof unavailable', 'step=42: proof unavailable', 'step=43: proof unavailable', 'step=44: proof unavailable', 'step=45: proof unavailable', 'step=46: proof unavailable', 'step=47: proof unavailable', 'step=48: proof unavailable', 'step=49: proof unavailable', 'step=50: proof unavailable', 'step=51: proof unavailable', 'step=52: proof unavailable', 'step=53: proof unavailable', 'step=54: proof unavailable', 'step=55: proof unavailable', 'step=56: proof unavailable', 'step=57: proof unavailable', 'step=58: proof unavailable', 'step=59: proof unavailable', 'step=60: proof unavailable', 'step=61: proof unavailable', 'step=62: proof unavailable', 'step=63: proof unavailable', 'step=64: proof unavailable']",fem_native_gpu,legacy_sparse,all_in_gpu_legacy_sparse,device_source_of_truth,True,True,,193,0,0,659.855507,144.534582,0,0,0,0,33936,193,True,1200,3600,2,4684787,377,True,production_executable,2,True,False,True,legacy_sparse_gpu,device_hypre_poisson,device,device,,ceed-cuda:/gpu/cuda/shared,1,1,CG,airbox,robin,100.0,dipole,2.0,AMG,mfem_hypre_boomeramg,6,8,6,1,,,1e-12,,500,1,explicit,CG,AMG,1e-12,,500,1,23,6.363308847449568e-13,0,,,,,,0.000000000000000e0,3.888992091908916e4,4.235060865830186e4,0.0,0.0,True,compute_hot_loop_host_sync_count=0;stage_exchange_device_resident=true,3
fem_gpu,box500_airbox_exchange_demag,heun,nonlinear_cg,fixed,/workspace/.fullmag/runtimes/fem-gpu-host/bin/fullmag-fem-gpu,64,1e-13,1,900.0,/workspace/.fullmag/runtimes/fem-gpu-variants/hypre-baseline-9377ad32bc08279eee8218b61007407974cd13e0c7599462f07abf05376db29a,9377ad32bc08279eee8218b61007407974cd13e0c7599462f07abf05376db29a,e04b5d6066cf058222f4a5b3623765542227eec5b287bbd9ef7c46df219b5afc,c936d6cc9add692d9b1178ea9d10f3bc8267d321f045370453c5f9f488741a64,study_domain,/workspace/examples/assets/bench_box_fine.mesh.json,fine,1200,5138,1504,0,0,True,/usr/bin/python3,gpu,1,1,CG,AMG,1e-12,,500,0,6,8,6,1,,,8000.0,nonlinear_cg,stagnation_triggered_cg8,True,True,True,True,False,/workspace/backends/fem/gpu/cuda/integrators/rk/rk_adaptive_decision_readback.cu,,True,20a1851a39da191c61cf50006e72c4b977fa31a5a4cdf2dee1e037e93640d431,True,64,0.0,ok,0,6918.512,853,52,64,box500_airbox_exchange_demag,heun,nonlinear_cg,fixed,double,0.0,0.000000000000000e0,,,-1.5237218962881163e-17,7.48113049286165e-20,-1.8944428537259427e-17,3.632398269449647e-18,0.0,0.0,max_steps,7936.639020713339,0.009973474736666847,2.220446049250313e-16,False,198.774783,0.039872,90.458453,0.011264,90.326485,0.0,90.326485,True,0.045056,0.075648,0.0,0.0,0.0,stagnation_triggered_cg8,0,0.0,0.0,1,1,2,128,1,False,,,,,0,64,"['step=1: proof unavailable', 'step=2: proof unavailable', 'step=3: proof unavailable', 'step=4: proof unavailable', 'step=5: proof unavailable', 'step=6: proof unavailable', 'step=7: proof unavailable', 'step=8: proof unavailable', 'step=9: proof unavailable', 'step=10: proof unavailable', 'step=11: proof unavailable', 'step=12: proof unavailable', 'step=13: proof unavailable', 'step=14: proof unavailable', 'step=15: proof unavailable', 'step=16: proof unavailable', 'step=17: proof unavailable', 'step=18: proof unavailable', 'step=19: proof unavailable', 'step=20: proof unavailable', 'step=21: proof unavailable', 'step=22: proof unavailable', 'step=23: proof unavailable', 'step=24: proof unavailable', 'step=25: proof unavailable', 'step=26: proof unavailable', 'step=27: proof unavailable', 'step=28: proof unavailable', 'step=29: proof unavailable', 'step=30: proof unavailable', 'step=31: proof unavailable', 'step=32: proof unavailable', 'step=33: proof unavailable', 'step=34: proof unavailable', 'step=35: proof unavailable', 'step=36: proof unavailable', 'step=37: proof unavailable', 'step=38: proof unavailable', 'step=39: proof unavailable', 'step=40: proof unavailable', 'step=41: proof unavailable', 'step=42: proof unavailable', 'step=43: proof unavailable', 'step=44: proof unavailable', 'step=45: proof unavailable', 'step=46: proof unavailable', 'step=47: proof unavailable', 'step=48: proof unavailable', 'step=49: proof unavailable', 'step=50: proof unavailable', 'step=51: proof unavailable', 'step=52: proof unavailable', 'step=53: proof unavailable', 'step=54: proof unavailable', 'step=55: proof unavailable', 'step=56: proof unavailable', 'step=57: proof unavailable', 'step=58: proof unavailable', 'step=59: proof unavailable', 'step=60: proof unavailable', 'step=61: proof unavailable', 'step=62: proof unavailable', 'step=63: proof unavailable', 'step=64: proof unavailable']",fem_native_gpu,legacy_sparse,all_in_gpu_legacy_sparse,device_source_of_truth,True,True,,193,0,0,618.408403,137.24424,0,0,0,0,33936,193,True,1200,3600,2,4684787,377,True,production_executable,2,True,False,True,legacy_sparse_gpu,device_hypre_poisson,device,device,,ceed-cuda:/gpu/cuda/shared,1,1,CG,airbox,robin,100.0,dipole,2.0,AMG,mfem_hypre_boomeramg,6,8,6,1,,,1e-12,,500,1,explicit,CG,AMG,1e-12,,500,1,23,6.361428876273475e-13,0,,,,,,0.000000000000000e0,3.889826657834894e4,4.234150369823354e4,0.0,0.0,True,compute_hot_loop_host_sync_count=0;stage_exchange_device_resident=true,3
fem_gpu,box500_airbox_exchange_demag,heun,nonlinear_cg,fixed,/workspace/.fullmag/runtimes/fem-gpu-host/bin/fullmag-fem-gpu,64,1e-13,1,900.0,/workspace/.fullmag/runtimes/fem-gpu-variants/hypre-baseline-9377ad32bc08279eee8218b61007407974cd13e0c7599462f07abf05376db29a,9377ad32bc08279eee8218b61007407974cd13e0c7599462f07abf05376db29a,e04b5d6066cf058222f4a5b3623765542227eec5b287bbd9ef7c46df219b5afc,c936d6cc9add692d9b1178ea9d10f3bc8267d321f045370453c5f9f488741a64,study_domain,/workspace/examples/assets/bench_box_fine.mesh.json,fine,1200,5138,1504,0,0,True,/usr/bin/python3,gpu,1,1,CG,AMG,1e-12,,500,0,6,8,6,1,,,8000.0,nonlinear_cg,none,True,True,True,True,False,/workspace/backends/fem/gpu/cuda/integrators/rk/rk_adaptive_decision_readback.cu,,True,20a1851a39da191c61cf50006e72c4b977fa31a5a4cdf2dee1e037e93640d431,True,64,0.0,ok,0,6977.605,853,52,64,box500_airbox_exchange_demag,heun,nonlinear_cg,fixed,double,0.0,0.000000000000000e0,,,-1.5237216005888636e-17,7.481984851851914e-20,-1.8944423398748925e-17,3.63238754434177e-18,0.0,0.0,max_steps,7936.30419586973,0.009973053983359279,2.220446049250313e-16,False,149.997404,0.032768,61.834616,0.064512,61.64332,0.0,61.64332,True,0.041792,0.084992,0.0,0.0,0.0,none,0,0.0,0.0,0,0,2,128,1,False,,,,,0,64,"['step=1: proof unavailable', 'step=2: proof unavailable', 'step=3: proof unavailable', 'step=4: proof unavailable', 'step=5: proof unavailable', 'step=6: proof unavailable', 'step=7: proof unavailable', 'step=8: proof unavailable', 'step=9: proof unavailable', 'step=10: proof unavailable', 'step=11: proof unavailable', 'step=12: proof unavailable', 'step=13: proof unavailable', 'step=14: proof unavailable', 'step=15: proof unavailable', 'step=16: proof unavailable', 'step=17: proof unavailable', 'step=18: proof unavailable', 'step=19: proof unavailable', 'step=20: proof unavailable', 'step=21: proof unavailable', 'step=22: proof unavailable', 'step=23: proof unavailable', 'step=24: proof unavailable', 'step=25: proof unavailable', 'step=26: proof unavailable', 'step=27: proof unavailable', 'step=28: proof unavailable', 'step=29: proof unavailable', 'step=30: proof unavailable', 'step=31: proof unavailable', 'step=32: proof unavailable', 'step=33: proof unavailable', 'step=34: proof unavailable', 'step=35: proof unavailable', 'step=36: proof unavailable', 'step=37: proof unavailable', 'step=38: proof unavailable', 'step=39: proof unavailable', 'step=40: proof unavailable', 'step=41: proof unavailable', 'step=42: proof unavailable', 'step=43: proof unavailable', 'step=44: proof unavailable', 'step=45: proof unavailable', 'step=46: proof unavailable', 'step=47: proof unavailable', 'step=48: proof unavailable', 'step=49: proof unavailable', 'step=50: proof unavailable', 'step=51: proof unavailable', 'step=52: proof unavailable', 'step=53: proof unavailable', 'step=54: proof unavailable', 'step=55: proof unavailable', 'step=56: proof unavailable', 'step=57: proof unavailable', 'step=58: proof unavailable', 'step=59: proof unavailable', 'step=60: proof unavailable', 'step=61: proof unavailable', 'step=62: proof unavailable', 'step=63: proof unavailable', 'step=64: proof unavailable']",fem_native_gpu,legacy_sparse,all_in_gpu_legacy_sparse,device_source_of_truth,True,True,,193,0,0,684.651065,144.554735,0,0,0,0,33936,193,True,1200,3600,2,4684787,377,True,production_executable,2,True,False,True,legacy_sparse_gpu,device_hypre_poisson,device,device,,ceed-cuda:/gpu/cuda/shared,1,1,CG,airbox,robin,100.0,dipole,2.0,AMG,mfem_hypre_boomeramg,6,8,6,1,,,1e-12,,500,1,explicit,CG,AMG,1e-12,,500,1,23,6.361388364306805e-13,0,,,,,,0.000000000000000e0,3.889819362582265e4,4.234136635847161e4,0.0,0.0,True,compute_hot_loop_host_sync_count=0;stage_exchange_device_resident=true,4
fem_gpu,box500_airbox_exchange_demag,heun,nonlinear_cg,fixed,/workspace/.fullmag/runtimes/fem-gpu-host/bin/fullmag-fem-gpu,64,1e-13,1,900.0,/workspace/.fullmag/runtimes/fem-gpu-variants/hypre-baseline-9377ad32bc08279eee8218b61007407974cd13e0c7599462f07abf05376db29a,9377ad32bc08279eee8218b61007407974cd13e0c7599462f07abf05376db29a,e04b5d6066cf058222f4a5b3623765542227eec5b287bbd9ef7c46df219b5afc,c936d6cc9add692d9b1178ea9d10f3bc8267d321f045370453c5f9f488741a64,study_domain,/workspace/examples/assets/bench_box_fine.mesh.json,fine,1200,5138,1504,0,0,True,/usr/bin/python3,gpu,1,1,CG,AMG,1e-12,,500,0,6,8,6,1,,,8000.0,nonlinear_cg,diagonal_mass,True,True,True,True,False,/workspace/backends/fem/gpu/cuda/integrators/rk/rk_adaptive_decision_readback.cu,,True,20a1851a39da191c61cf50006e72c4b977fa31a5a4cdf2dee1e037e93640d431,True,64,0.0,ok,0,6904.078,853,52,64,box500_airbox_exchange_demag,heun,nonlinear_cg,fixed,double,0.0,0.000000000000000e0,,,-1.5237216005888636e-17,7.481984851851914e-20,-1.8944423398748925e-17,3.63238754434177e-18,0.0,0.0,max_steps,7936.30419586973,0.009973053983359279,2.220446049250313e-16,False,139.720174,0.041984,57.339458,0.01024,57.27597,0.0,57.27597,True,0.044032,0.009216,0.0,0.0,0.0,diagonal_mass,0,0.0,0.103408,0,0,2,128,1,False,,,,,0,64,"['step=1: proof unavailable', 'step=2: proof unavailable', 'step=3: proof unavailable', 'step=4: proof unavailable', 'step=5: proof unavailable', 'step=6: proof unavailable', 'step=7: proof unavailable', 'step=8: proof unavailable', 'step=9: proof unavailable', 'step=10: proof unavailable', 'step=11: proof unavailable', 'step=12: proof unavailable', 'step=13: proof unavailable', 'step=14: proof unavailable', 'step=15: proof unavailable', 'step=16: proof unavailable', 'step=17: proof unavailable', 'step=18: proof unavailable', 'step=19: proof unavailable', 'step=20: proof unavailable', 'step=21: proof unavailable', 'step=22: proof unavailable', 'step=23: proof unavailable', 'step=24: proof unavailable', 'step=25: proof unavailable', 'step=26: proof unavailable', 'step=27: proof unavailable', 'step=28: proof unavailable', 'step=29: proof unavailable', 'step=30: proof unavailable', 'step=31: proof unavailable', 'step=32: proof unavailable', 'step=33: proof unavailable', 'step=34: proof unavailable', 'step=35: proof unavailable', 'step=36: proof unavailable', 'step=37: proof unavailable', 'step=38: proof unavailable', 'step=39: proof unavailable', 'step=40: proof unavailable', 'step=41: proof unavailable', 'step=42: proof unavailable', 'step=43: proof unavailable', 'step=44: proof unavailable', 'step=45: proof unavailable', 'step=46: proof unavailable', 'step=47: proof unavailable', 'step=48: proof unavailable', 'step=49: proof unavailable', 'step=50: proof unavailable', 'step=51: proof unavailable', 'step=52: proof unavailable', 'step=53: proof unavailable', 'step=54: proof unavailable', 'step=55: proof unavailable', 'step=56: proof unavailable', 'step=57: proof unavailable', 'step=58: proof unavailable', 'step=59: proof unavailable', 'step=60: proof unavailable', 'step=61: proof unavailable', 'step=62: proof unavailable', 'step=63: proof unavailable', 'step=64: proof unavailable']",fem_native_gpu,legacy_sparse,all_in_gpu_legacy_sparse,device_source_of_truth,True,True,,193,0,0,716.206512,136.104147,0,0,0,0,33936,193,True,1200,3600,2,4684787,377,True,production_executable,2,True,False,True,legacy_sparse_gpu,device_hypre_poisson,device,device,,ceed-cuda:/gpu/cuda/shared,1,1,CG,airbox,robin,100.0,dipole,2.0,AMG,mfem_hypre_boomeramg,6,8,6,1,,,1e-12,,500,1,explicit,CG,AMG,1e-12,,500,1,23,6.361388364306805e-13,0,,,,,,0.000000000000000e0,3.889819362582265e4,4.234136635847161e4,0.0,0.0,True,compute_hot_loop_host_sync_count=0;stage_exchange_device_resident=true,4
fem_gpu,box500_airbox_exchange_demag,heun,nonlinear_cg,fixed,/workspace/.fullmag/runtimes/fem-gpu-host/bin/fullmag-fem-gpu,64,1e-13,1,900.0,/workspace/.fullmag/runtimes/fem-gpu-variants/hypre-baseline-9377ad32bc08279eee8218b61007407974cd13e0c7599462f07abf05376db29a,9377ad32bc08279eee8218b61007407974cd13e0c7599462f07abf05376db29a,e04b5d6066cf058222f4a5b3623765542227eec5b287bbd9ef7c46df219b5afc,c936d6cc9add692d9b1178ea9d10f3bc8267d321f045370453c5f9f488741a64,study_domain,/workspace/examples/assets/bench_box_fine.mesh.json,fine,1200,5138,1504,0,0,True,/usr/bin/python3,gpu,1,1,CG,AMG,1e-12,,500,0,6,8,6,1,,,8000.0,nonlinear_cg,lumped_exchange_mass_cg4,True,True,True,True,False,/workspace/backends/fem/gpu/cuda/integrators/rk/rk_adaptive_decision_readback.cu,,True,20a1851a39da191c61cf50006e72c4b977fa31a5a4cdf2dee1e037e93640d431,True,64,0.0,ok,0,7020.062,853,52,64,box500_airbox_exchange_demag,heun,nonlinear_cg,fixed,double,0.0,0.000000000000000e0,,,-1.5240701193497606e-17,7.479887799109448e-20,-1.8952032306626144e-17,3.636532235137444e-18,0.0,0.0,max_steps,10473.556116434967,0.013161458780941016,2.220446049250313e-16,False,137.984399,0.034816,57.318452,0.01024,57.245748,0.0,57.245748,True,0.038912,0.023552,0.0,0.0,0.0,lumped_exchange_mass_cg4,4,1e-06,1.2185,127,1,2,128,1,False,,,,,0,64,"['step=1: proof unavailable', 'step=2: proof unavailable', 'step=3: proof unavailable', 'step=4: proof unavailable', 'step=5: proof unavailable', 'step=6: proof unavailable', 'step=7: proof unavailable', 'step=8: proof unavailable', 'step=9: proof unavailable', 'step=10: proof unavailable', 'step=11: proof unavailable', 'step=12: proof unavailable', 'step=13: proof unavailable', 'step=14: proof unavailable', 'step=15: proof unavailable', 'step=16: proof unavailable', 'step=17: proof unavailable', 'step=18: proof unavailable', 'step=19: proof unavailable', 'step=20: proof unavailable', 'step=21: proof unavailable', 'step=22: proof unavailable', 'step=23: proof unavailable', 'step=24: proof unavailable', 'step=25: proof unavailable', 'step=26: proof unavailable', 'step=27: proof unavailable', 'step=28: proof unavailable', 'step=29: proof unavailable', 'step=30: proof unavailable', 'step=31: proof unavailable', 'step=32: proof unavailable', 'step=33: proof unavailable', 'step=34: proof unavailable', 'step=35: proof unavailable', 'step=36: proof unavailable', 'step=37: proof unavailable', 'step=38: proof unavailable', 'step=39: proof unavailable', 'step=40: proof unavailable', 'step=41: proof unavailable', 'step=42: proof unavailable', 'step=43: proof unavailable', 'step=44: proof unavailable', 'step=45: proof unavailable', 'step=46: proof unavailable', 'step=47: proof unavailable', 'step=48: proof unavailable', 'step=49: proof unavailable', 'step=50: proof unavailable', 'step=51: proof unavailable', 'step=52: proof unavailable', 'step=53: proof unavailable', 'step=54: proof unavailable', 'step=55: proof unavailable', 'step=56: proof unavailable', 'step=57: proof unavailable', 'step=58: proof unavailable', 'step=59: proof unavailable', 'step=60: proof unavailable', 'step=61: proof unavailable', 'step=62: proof unavailable', 'step=63: proof unavailable', 'step=64: proof unavailable']",fem_native_gpu,legacy_sparse,all_in_gpu_legacy_sparse,device_source_of_truth,True,True,,193,0,0,698.046188,151.281145,0,0,0,0,33936,193,True,1200,3600,2,4684787,377,True,production_executable,2,True,False,True,legacy_sparse_gpu,device_hypre_poisson,device,device,,ceed-cuda:/gpu/cuda/shared,1,1,CG,airbox,robin,100.0,dipole,2.0,AMG,mfem_hypre_boomeramg,6,8,6,1,,,1e-12,,500,1,explicit,CG,AMG,1e-12,,500,1,23,6.348584583300283e-13,0,,,,,,0.000000000000000e0,3.909135517924868e4,4.236190164286445e4,0.0,0.0,True,compute_hot_loop_host_sync_count=0;stage_exchange_device_resident=true,4
fem_gpu,box500_airbox_exchange_demag,heun,nonlinear_cg,fixed,/workspace/.fullmag/runtimes/fem-gpu-host/bin/fullmag-fem-gpu,64,1e-13,1,900.0,/workspace/.fullmag/runtimes/fem-gpu-variants/hypre-baseline-9377ad32bc08279eee8218b61007407974cd13e0c7599462f07abf05376db29a,9377ad32bc08279eee8218b61007407974cd13e0c7599462f07abf05376db29a,e04b5d6066cf058222f4a5b3623765542227eec5b287bbd9ef7c46df219b5afc,c936d6cc9add692d9b1178ea9d10f3bc8267d321f045370453c5f9f488741a64,study_domain,/workspace/examples/assets/bench_box_fine.mesh.json,fine,1200,5138,1504,0,0,True,/usr/bin/python3,gpu,1,1,CG,AMG,1e-12,,500,0,6,8,6,1,,,8000.0,nonlinear_cg,lumped_exchange_mass_cg8,True,True,True,True,False,/workspace/backends/fem/gpu/cuda/integrators/rk/rk_adaptive_decision_readback.cu,,True,20a1851a39da191c61cf50006e72c4b977fa31a5a4cdf2dee1e037e93640d431,True,64,0.0,ok,0,7200.901,853,52,64,box500_airbox_exchange_demag,heun,nonlinear_cg,fixed,double,0.0,0.000000000000000e0,,,-1.5237569466097592e-17,7.428779079812061e-20,-1.89449770093871e-17,3.633119752491386e-18,0.0,0.0,max_steps,8025.774085931665,0.010085485163093702,2.220446049250313e-16,False,140.963563,0.100352,56.717943,0.022368,56.592951,0.0,56.592951,True,0.03584,0.066784,0.0,0.0,0.0,lumped_exchange_mass_cg8,8,1e-06,2.341522,127,1,2,128,1,False,,,,,0,64,"['step=1: proof unavailable', 'step=2: proof unavailable', 'step=3: proof unavailable', 'step=4: proof unavailable', 'step=5: proof unavailable', 'step=6: proof unavailable', 'step=7: proof unavailable', 'step=8: proof unavailable', 'step=9: proof unavailable', 'step=10: proof unavailable', 'step=11: proof unavailable', 'step=12: proof unavailable', 'step=13: proof unavailable', 'step=14: proof unavailable', 'step=15: proof unavailable', 'step=16: proof unavailable', 'step=17: proof unavailable', 'step=18: proof unavailable', 'step=19: proof unavailable', 'step=20: proof unavailable', 'step=21: proof unavailable', 'step=22: proof unavailable', 'step=23: proof unavailable', 'step=24: proof unavailable', 'step=25: proof unavailable', 'step=26: proof unavailable', 'step=27: proof unavailable', 'step=28: proof unavailable', 'step=29: proof unavailable', 'step=30: proof unavailable', 'step=31: proof unavailable', 'step=32: proof unavailable', 'step=33: proof unavailable', 'step=34: proof unavailable', 'step=35: proof unavailable', 'step=36: proof unavailable', 'step=37: proof unavailable', 'step=38: proof unavailable', 'step=39: proof unavailable', 'step=40: proof unavailable', 'step=41: proof unavailable', 'step=42: proof unavailable', 'step=43: proof unavailable', 'step=44: proof unavailable', 'step=45: proof unavailable', 'step=46: proof unavailable', 'step=47: proof unavailable', 'step=48: proof unavailable', 'step=49: proof unavailable', 'step=50: proof unavailable', 'step=51: proof unavailable', 'step=52: proof unavailable', 'step=53: proof unavailable', 'step=54: proof unavailable', 'step=55: proof unavailable', 'step=56: proof unavailable', 'step=57: proof unavailable', 'step=58: proof unavailable', 'step=59: proof unavailable', 'step=60: proof unavailable', 'step=61: proof unavailable', 'step=62: proof unavailable', 'step=63: proof unavailable', 'step=64: proof unavailable']",fem_native_gpu,legacy_sparse,all_in_gpu_legacy_sparse,device_source_of_truth,True,True,,193,0,0,640.022195,138.056278,0,0,0,0,33936,193,True,1200,3600,2,4684787,377,True,production_executable,2,True,False,True,legacy_sparse_gpu,device_hypre_poisson,device,device,,ceed-cuda:/gpu/cuda/shared,1,1,CG,airbox,robin,100.0,dipole,2.0,AMG,mfem_hypre_boomeramg,6,8,6,1,,,1e-12,,500,1,explicit,CG,AMG,1e-12,,500,1,23,6.363308847449568e-13,0,,,,,,0.000000000000000e0,3.888992091908916e4,4.235060865830186e4,0.0,0.0,True,compute_hot_loop_host_sync_count=0;stage_exchange_device_resident=true,4
fem_gpu,box500_airbox_exchange_demag,heun,nonlinear_cg,fixed,/workspace/.fullmag/runtimes/fem-gpu-host/bin/fullmag-fem-gpu,64,1e-13,1,900.0,/workspace/.fullmag/runtimes/fem-gpu-variants/hypre-baseline-9377ad32bc08279eee8218b61007407974cd13e0c7599462f07abf05376db29a,9377ad32bc08279eee8218b61007407974cd13e0c7599462f07abf05376db29a,e04b5d6066cf058222f4a5b3623765542227eec5b287bbd9ef7c46df219b5afc,c936d6cc9add692d9b1178ea9d10f3bc8267d321f045370453c5f9f488741a64,study_domain,/workspace/examples/assets/bench_box_fine.mesh.json,fine,1200,5138,1504,0,0,True,/usr/bin/python3,gpu,1,1,CG,AMG,1e-12,,500,0,6,8,6,1,,,8000.0,nonlinear_cg,stagnation_triggered_cg8,True,True,True,True,False,/workspace/backends/fem/gpu/cuda/integrators/rk/rk_adaptive_decision_readback.cu,,True,20a1851a39da191c61cf50006e72c4b977fa31a5a4cdf2dee1e037e93640d431,True,64,0.0,ok,0,7152.892,853,52,64,box500_airbox_exchange_demag,heun,nonlinear_cg,fixed,double,0.0,0.000000000000000e0,,,-1.5237218962881163e-17,7.48113049286165e-20,-1.8944428537259427e-17,3.632398269449647e-18,0.0,0.0,max_steps,7936.639020713339,0.009973474736666847,2.220446049250313e-16,False,152.121343,0.032768,66.838801,0.01024,66.706705,0.0,66.706705,True,0.105472,0.016384,0.0,0.0,0.0,stagnation_triggered_cg8,0,0.0,0.0,1,1,2,128,1,False,,,,,0,64,"['step=1: proof unavailable', 'step=2: proof unavailable', 'step=3: proof unavailable', 'step=4: proof unavailable', 'step=5: proof unavailable', 'step=6: proof unavailable', 'step=7: proof unavailable', 'step=8: proof unavailable', 'step=9: proof unavailable', 'step=10: proof unavailable', 'step=11: proof unavailable', 'step=12: proof unavailable', 'step=13: proof unavailable', 'step=14: proof unavailable', 'step=15: proof unavailable', 'step=16: proof unavailable', 'step=17: proof unavailable', 'step=18: proof unavailable', 'step=19: proof unavailable', 'step=20: proof unavailable', 'step=21: proof unavailable', 'step=22: proof unavailable', 'step=23: proof unavailable', 'step=24: proof unavailable', 'step=25: proof unavailable', 'step=26: proof unavailable', 'step=27: proof unavailable', 'step=28: proof unavailable', 'step=29: proof unavailable', 'step=30: proof unavailable', 'step=31: proof unavailable', 'step=32: proof unavailable', 'step=33: proof unavailable', 'step=34: proof unavailable', 'step=35: proof unavailable', 'step=36: proof unavailable', 'step=37: proof unavailable', 'step=38: proof unavailable', 'step=39: proof unavailable', 'step=40: proof unavailable', 'step=41: proof unavailable', 'step=42: proof unavailable', 'step=43: proof unavailable', 'step=44: proof unavailable', 'step=45: proof unavailable', 'step=46: proof unavailable', 'step=47: proof unavailable', 'step=48: proof unavailable', 'step=49: proof unavailable', 'step=50: proof unavailable', 'step=51: proof unavailable', 'step=52: proof unavailable', 'step=53: proof unavailable', 'step=54: proof unavailable', 'step=55: proof unavailable', 'step=56: proof unavailable', 'step=57: proof unavailable', 'step=58: proof unavailable', 'step=59: proof unavailable', 'step=60: proof unavailable', 'step=61: proof unavailable', 'step=62: proof unavailable', 'step=63: proof unavailable', 'step=64: proof unavailable']",fem_native_gpu,legacy_sparse,all_in_gpu_legacy_sparse,device_source_of_truth,True,True,,193,0,0,1091.711097,121.922835,0,0,0,0,33936,193,True,1200,3600,2,4684787,377,True,production_executable,2,True,False,True,legacy_sparse_gpu,device_hypre_poisson,device,device,,ceed-cuda:/gpu/cuda/shared,1,1,CG,airbox,robin,100.0,dipole,2.0,AMG,mfem_hypre_boomeramg,6,8,6,1,,,1e-12,,500,1,explicit,CG,AMG,1e-12,,500,1,23,6.361428876273475e-13,0,,,,,,0.000000000000000e0,3.889826657834894e4,4.234150369823354e4,0.0,0.0,True,compute_hot_loop_host_sync_count=0;stage_exchange_device_resident=true,4
